question_id,question,expected_page_chunk,acceptable_page_chunks,vector_rank,candidate_id,source_candidate_id,page_no,chunk_id,vector_distance,vector_similarity,reranker_score,reason,rerank_rank,before_expected_rank,after_expected_rank,before_hit_at_5,after_hit_at_5,rank_change,api_attempts,retry_count,api_input_tokens,api_output_tokens,api_total_tokens,api_latency_seconds
M6-01,안전벨트의 골반띠와 어깨띠는 각각 어디에 착용해야 하나요?,p31/c56,p31/c56,1,C01,p31/c56,31,56,0.42758360,0.57241640,100,어깨띠는 어깨와 가슴을 지나고 골반띠는 골반을 지나도록 착용하라는 직접적인 안내가 있습니다.,1,1,1,True,True,유지,1,0,4640,669,5309,7.359436200000346
M6-01,안전벨트의 골반띠와 어깨띠는 각각 어디에 착용해야 하나요?,p31/c56,p31/c56,2,C02,p60/c109,60,109,0.45304064,0.54695936,24,어깨띠 높이 조절 방법은 설명하지만 골반띠와 어깨띠의 착용 위치 자체는 직접 설명하지 않습니다.,6,1,1,True,True,유지,1,0,4640,669,5309,7.359436200000346
M6-01,안전벨트의 골반띠와 어깨띠는 각각 어디에 착용해야 하나요?,p31/c56,p31/c56,3,C03,p31/c57,31,57,0.45768502,0.54231498,16,안전벨트 사용 방해 물품과 일반적인 안전벨트 중요성을 다루며 착용 위치 정보는 거의 없습니다.,7,1,1,True,True,유지,1,0,4640,669,5309,7.359436200000346
M6-01,안전벨트의 골반띠와 어깨띠는 각각 어디에 착용해야 하나요?,p31/c56,p31/c56,4,C04,p62/c113,62,113,0.46564258,0.53435742,62,임산부에 한해 골반띠를 복부 아래에 착용해야 한다는 위치 정보를 제공합니다.,4,1,1,True,True,유지,1,0,4640,669,5309,7.359436200000346
M6-01,안전벨트의 골반띠와 어깨띠는 각각 어디에 착용해야 하나요?,p31/c56,p31/c56,5,C05,p57/c103,57,103,0.47163708,0.52836292,98,골반띠와 어깨띠가 각각 골반과 가슴을 지나야 한다고 명확히 설명합니다.,2,1,1,True,True,유지,1,0,4640,669,5309,7.359436200000346
M6-01,안전벨트의 골반띠와 어깨띠는 각각 어디에 착용해야 하나요?,p31/c56,p31/c56,6,C06,p57/c104,57,104,0.48770484,0.51229516,91,"골반띠는 가능한 낮게 골반을 편안하게 감싸고, 어깨띠는 팔 밑·등 뒤·목·얼굴을 피하라고 안내합니다.",3,1,1,True,True,유지,1,0,4640,669,5309,7.359436200000346
M6-01,안전벨트의 골반띠와 어깨띠는 각각 어디에 착용해야 하나요?,p31/c56,p31/c56,7,C07,p39/c76,39,76,0.49036563,0.50963437,1,안전벨트 관련 장의 목차만 제시되어 질문의 답변 근거가 없습니다.,10,1,1,True,True,유지,1,0,4640,669,5309,7.359436200000346
M6-01,안전벨트의 골반띠와 어깨띠는 각각 어디에 착용해야 하나요?,p31/c56,p31/c56,8,C08,p62/c114,62,114,0.50432715,0.49567285,7,어린이 보호용 장치 관련 주의사항을 다루지만 골반띠와 어깨띠의 위치를 설명하지 않습니다.,9,1,1,True,True,유지,1,0,4640,669,5309,7.359436200000346
M6-01,안전벨트의 골반띠와 어깨띠는 각각 어디에 착용해야 하나요?,p31/c56,p31/c56,9,C09,p61/c112,61,112,0.51738375,0.48261625,38,어린이의 어깨띠 위치와 목·얼굴 접촉 시 주의사항을 설명합니다.,5,1,1,True,True,유지,1,0,4640,669,5309,7.359436200000346
M6-01,안전벨트의 골반띠와 어깨띠는 각각 어디에 착용해야 하나요?,p31/c56,p31/c56,10,C10,p63/c116,63,116,0.52741811,0.47258189,10,어린이 보조 좌석에 안전벨트를 연결하는 절차를 설명하며 착용 위치와는 직접 관련이 적습니다.,8,1,1,True,True,유지,1,0,4640,669,5309,7.359436200000346
M6-02,Sonata의 후드는 어떤 순서로 여나요?,p163/c316,p163/c316,1,C01,p112/c210,112,210,0.62745486,0.37254514,3,차량 사용 설명서의 목차 일부일 뿐 후드 여는 절차가 없다.,3,3,1,True,True,상승,1,0,3402,446,3848,5.496792000019923
M6-02,Sonata의 후드는 어떤 순서로 여나요?,p163/c316,p163/c316,2,C02,p51/c94,51,94,0.63711323,0.36288677,1,뒷좌석 등받이 접는 절차로 후드와 관련이 없다.,5,3,1,True,True,상승,1,0,3402,446,3848,5.496792000019923
M6-02,Sonata의 후드는 어떤 순서로 여나요?,p163/c316,p163/c316,3,C03,p163/c316,163,316,0.64101067,0.35898933,100,후드 여는 방법과 1~3단계 순서를 직접 설명한다.,1,3,1,True,True,상승,1,0,3402,446,3848,5.496792000019923
M6-02,Sonata의 후드는 어떤 순서로 여나요?,p163/c316,p163/c316,4,C04,p49/c91,49,91,0.65517260,0.34482740,1,헤드레스트 분리 및 장착 절차로 후드와 관련이 없다.,6,3,1,True,True,상승,1,0,3402,446,3848,5.496792000019923
M6-02,Sonata의 후드는 어떤 순서로 여나요?,p163/c316,p163/c316,5,C05,p201/c379,201,379,0.66480867,0.33519133,1,실내 램프 작동 설명으로 후드와 관련이 없다.,7,3,1,True,True,상승,1,0,3402,446,3848,5.496792000019923
M6-02,Sonata의 후드는 어떤 순서로 여나요?,p163/c316,p163/c316,6,C06,p54/c98,54,98,0.66961463,0.33038537,1,열선 시트 사용 설명으로 후드와 관련이 없다.,8,3,1,True,True,상승,1,0,3402,446,3848,5.496792000019923
M6-02,Sonata의 후드는 어떤 순서로 여나요?,p163/c316,p163/c316,7,C07,p112/c211,112,211,0.67005839,0.32994161,3,차량 사용 설명서의 실내등 목차로 후드와 관련이 없다.,4,3,1,True,True,상승,1,0,3402,446,3848,5.496792000019923
M6-02,Sonata의 후드는 어떤 순서로 여나요?,p163/c316,p163/c316,8,C08,p160/c310,160,310,0.67284501,0.32715499,8,차량 편의 장치 내용이지만 후드와 직접 관련이 없다.,2,3,1,True,True,상승,1,0,3402,446,3848,5.496792000019923
M6-02,Sonata의 후드는 어떤 순서로 여나요?,p163/c316,p163/c316,9,C09,p41/c81,41,81,0.67472187,0.32527813,1,좌석 구성 및 조절 항목으로 후드와 관련이 없다.,9,3,1,True,True,상승,1,0,3402,446,3848,5.496792000019923
M6-02,Sonata의 후드는 어떤 순서로 여나요?,p163/c316,p163/c316,10,C10,p11/c19,11,19,0.67500569,0.32499431,1,설명서 목차의 차량 항목으로 후드 여는 방법이 없다.,10,3,1,True,True,상승,1,0,3402,446,3848,5.496792000019923
M6-03,비상 경고등 버튼을 누르면 어떤 표시가 작동하나요?,p99/c176,p99/c176,1,C01,p99/c176,99,176,0.41457237,0.58542763,100,비상 경고등 버튼을 누르면 양쪽 방향지시등이 함께 깜빡인다고 직접 설명합니다.,1,1,1,True,True,유지,1,0,5163,634,5797,6.37964539998211
M6-03,비상 경고등 버튼을 누르면 어떤 표시가 작동하나요?,p99/c176,p99/c176,2,C02,p117/c228,117,228,0.42692899,0.57307101,45,비상 경보 버튼 작동 시 비상 경고등이 작동한다고 설명하지만 버튼과 기능의 맥락이 다릅니다.,3,1,1,True,True,유지,1,0,5163,634,5797,6.37964539998211
M6-03,비상 경고등 버튼을 누르면 어떤 표시가 작동하나요?,p99/c176,p99/c176,3,C03,p308/c592,308,592,0.43367180,0.56632820,25,비상 경고등 버튼을 언급하지만 충돌 경고음 해제에 관한 내용입니다.,4,1,1,True,True,유지,1,0,5163,634,5797,6.37964539998211
M6-03,비상 경고등 버튼을 누르면 어떤 표시가 작동하나요?,p99/c176,p99/c176,4,C04,p91/c161,91,161,0.45472506,0.54527494,3,안전벨트 경고등과 경고음에 관한 내용으로 비상 경고등과 직접 관련이 없습니다.,7,1,1,True,True,유지,1,0,5163,634,5797,6.37964539998211
M6-03,비상 경고등 버튼을 누르면 어떤 표시가 작동하나요?,p99/c176,p99/c176,5,C05,p141/c276,141,276,0.47075424,0.52924576,22,도난 경보 상황에서 비상 경고등이 깜빡이는 내용을 설명합니다.,5,1,1,True,True,유지,1,0,5163,634,5797,6.37964539998211
M6-03,비상 경고등 버튼을 누르면 어떤 표시가 작동하나요?,p99/c176,p99/c176,6,C06,p426/c802,426,802,0.47211178,0.52788822,95,비상 경고등 작동 시 모든 방향지시등이 동시에 깜빡인다고 설명합니다.,2,1,1,True,True,유지,1,0,5163,634,5797,6.37964539998211
M6-03,비상 경고등 버튼을 누르면 어떤 표시가 작동하나요?,p99/c176,p99/c176,7,C07,p142/c279,142,279,0.47347083,0.52652917,20,도어 잠금 해제 등 다른 상황에서 비상 경고등이 깜빡이는 내용을 설명합니다.,6,1,1,True,True,유지,1,0,5163,634,5797,6.37964539998211
M6-03,비상 경고등 버튼을 누르면 어떤 표시가 작동하나요?,p99/c176,p99/c176,8,C08,p394/c739,394,739,0.47428715,0.52571285,2,후방 교차 충돌방지 보조의 경고 방식에 관한 내용입니다.,8,1,1,True,True,유지,1,0,5163,634,5797,6.37964539998211
M6-03,비상 경고등 버튼을 누르면 어떤 표시가 작동하나요?,p99/c176,p99/c176,9,C09,p281/c522,281,522,0.47568630,0.52431370,1,AUTO HOLD 및 주차 브레이크 경고문에 관한 내용입니다.,9,1,1,True,True,유지,1,0,5163,634,5797,6.37964539998211
M6-03,비상 경고등 버튼을 누르면 어떤 표시가 작동하나요?,p99/c176,p99/c176,10,C10,p336/c640,336,640,0.47645984,0.52354016,1,후측방 충돌방지 보조 이상 및 제한 사항에 관한 내용입니다.,10,1,1,True,True,유지,1,0,5163,634,5797,6.37964539998211
M6-04,스마트 키로 도어를 잠근 뒤 잠금 상태를 어떻게 확인하나요?,p114/c222,p114/c222;p115/c223,1,C01,p142/c278,142,278,0.35928749,0.64071251,82,잠금 후 비상 경고등이나 확인음이 없으면 잠금·경계 상태를 확인하고 다시 잠그도록 안내합니다.,4,5,1,True,True,상승,1,0,4720,637,5357,7.178900699829683
M6-04,스마트 키로 도어를 잠근 뒤 잠금 상태를 어떻게 확인하나요?,p114/c222,p114/c222;p115/c223,2,C02,p115/c224,115,224,0.36560646,0.63439354,10,스마트 키를 이용한 도어 잠금 해제 절차를 설명하는 내용입니다.,8,5,1,True,True,상승,1,0,4720,637,5357,7.178900699829683
M6-04,스마트 키로 도어를 잠근 뒤 잠금 상태를 어떻게 확인하나요?,p114/c222,p114/c222;p115/c223,3,C03,p141/c277,141,277,0.38815913,0.61184087,86,잠금 후 비상 경고등 점멸과 경고음으로 경계 상태 진입 여부를 확인하도록 설명합니다.,3,5,1,True,True,상승,1,0,4720,637,5357,7.178900699829683
M6-04,스마트 키로 도어를 잠근 뒤 잠금 상태를 어떻게 확인하나요?,p114/c222,p114/c222;p115/c223,4,C04,p135/c264,135,264,0.40215662,0.59784338,32,스마트 키를 이용한 외부 도어 잠금을 언급하지만 잠금 상태 확인 방법은 직접 설명하지 않습니다.,5,5,1,True,True,상승,1,0,4720,637,5357,7.178900699829683
M6-04,스마트 키로 도어를 잠근 뒤 잠금 상태를 어떻게 확인하나요?,p114/c222,p114/c222;p115/c223,5,C05,p114/c222,114,222,0.40894117,0.59105883,100,스마트 키로 잠근 뒤 바깥쪽 도어 핸들을 당겨 잠금 상태를 확인하는 직접적인 절차가 있습니다.,1,5,1,True,True,상승,1,0,4720,637,5357,7.178900699829683
M6-04,스마트 키로 도어를 잠근 뒤 잠금 상태를 어떻게 확인하나요?,p114/c222,p114/c222;p115/c223,6,C06,p115/c223,115,223,0.41513249,0.58486751,99,터치 센서 타입에서 스마트 키로 잠근 뒤 바깥쪽 도어 핸들을 당겨 확인하는 절차를 명시합니다.,2,5,1,True,True,상승,1,0,4720,637,5357,7.178900699829683
M6-04,스마트 키로 도어를 잠근 뒤 잠금 상태를 어떻게 확인하나요?,p114/c222,p114/c222;p115/c223,7,C07,p117/c227,117,227,0.41655492,0.58344508,20,스마트 키와 도어 센서의 작동 조건 및 오작동 가능성을 설명하지만 잠금 확인 절차와는 거리가 있습니다.,6,5,1,True,True,상승,1,0,4720,637,5357,7.178900699829683
M6-04,스마트 키로 도어를 잠근 뒤 잠금 상태를 어떻게 확인하나요?,p114/c222,p114/c222;p115/c223,8,C08,p197/c373,197,373,0.43059920,0.56940080,3,도어 잠금 해제와 실내 조명 작동 조건을 설명하며 잠금 상태 확인 방법을 제공하지 않습니다.,10,5,1,True,True,상승,1,0,4720,637,5357,7.178900699829683
M6-04,스마트 키로 도어를 잠근 뒤 잠금 상태를 어떻게 확인하나요?,p114/c222,p114/c222;p115/c223,9,C09,p116/c225,116,225,0.44472703,0.55527297,12,"스마트 키를 이용한 도어 잠금 해제 확인 내용으로, 잠금 후 상태 확인 질문과 직접 관련이 낮습니다.",7,5,1,True,True,상승,1,0,4720,637,5357,7.178900699829683
M6-04,스마트 키로 도어를 잠근 뒤 잠금 상태를 어떻게 확인하나요?,p114/c222,p114/c222;p115/c223,10,C10,p142/c279,142,279,0.46370367,0.53629633,8,경보 상태 해제 시 비상 경고등과 확인음이 두 번 울리는 내용을 다루며 잠금 상태 확인과는 다릅니다.,9,5,1,True,True,상승,1,0,4720,637,5357,7.178900699829683
M6-05,와이퍼 블레이드는 어떤 상태일 때 교체해야 하나요?,p297/c558,p297/c558,1,C01,p474/c884,474,884,0.50775240,0.49224760,66,앞유리 와이퍼 블레이드 교체 절차와 교체 시 주의사항을 제공합니다.,4,6,1,False,True,상승,1,0,4350,578,4928,6.2021037000231445
M6-05,와이퍼 블레이드는 어떤 상태일 때 교체해야 하나요?,p297/c558,p297/c558,2,C02,p473/c883,473,883,0.54859774,0.45140226,94,"선이 남음, 세척 불량, 소음·떨림, 잔물, 부분 접촉 불량, 암 장력 약화 등 점검이 필요한 상태를 제시합니다.",2,6,1,False,True,상승,1,0,4350,578,4928,6.2021037000231445
M6-05,와이퍼 블레이드는 어떤 상태일 때 교체해야 하나요?,p297/c558,p297/c558,3,C03,p473/c882,473,882,0.59749610,0.40250390,87,와이퍼 블레이드의 점검 기준과 오염으로 인한 세척 불량·마찰음 발생을 설명합니다.,3,6,1,False,True,상승,1,0,4350,578,4928,6.2021037000231445
M6-05,와이퍼 블레이드는 어떤 상태일 때 교체해야 하나요?,p297/c558,p297/c558,4,C04,p447/c843,447,843,0.62027792,0.37972208,34,와이퍼 블레이드 점검 및 교체 항목의 위치만 안내합니다.,5,6,1,False,True,상승,1,0,4350,578,4928,6.2021037000231445
M6-05,와이퍼 블레이드는 어떤 상태일 때 교체해야 하나요?,p297/c558,p297/c558,5,C05,p479/c893,479,893,0.62239516,0.37760484,3,타이어 교체 기준에 관한 내용으로 와이퍼 블레이드와 무관합니다.,8,6,1,False,True,상승,1,0,4350,578,4928,6.2021037000231445
M6-05,와이퍼 블레이드는 어떤 상태일 때 교체해야 하나요?,p297/c558,p297/c558,6,C06,p297/c558,297,558,0.63462742,0.36537258,100,와이퍼에 줄무늬가 생기거나 유리창이 잘 닦이지 않으면 블레이드를 교체하라고 직접 설명합니다.,1,6,1,False,True,상승,1,0,4350,578,4928,6.2021037000231445
M6-05,와이퍼 블레이드는 어떤 상태일 때 교체해야 하나요?,p297/c558,p297/c558,7,C07,p469/c877,469,877,0.64034371,0.35965629,7,와셔액 점검·보충 내용으로 블레이드 교체 기준과 직접 관련이 없습니다.,7,6,1,False,True,상승,1,0,4350,578,4928,6.2021037000231445
M6-05,와이퍼 블레이드는 어떤 상태일 때 교체해야 하나요?,p297/c558,p297/c558,8,C08,p203/c381,203,381,0.64735994,0.35264006,16,와이퍼 작동 방식에 관한 내용으로 교체 상태 기준은 없습니다.,6,6,1,False,True,상승,1,0,4350,578,4928,6.2021037000231445
M6-05,와이퍼 블레이드는 어떤 상태일 때 교체해야 하나요?,p297/c558,p297/c558,9,C09,p484/c903,484,903,0.64739614,0.35260386,1,퓨즈 교체 절차에 관한 내용으로 와이퍼 블레이드와 무관합니다.,9,6,1,False,True,상승,1,0,4350,578,4928,6.2021037000231445
M6-05,와이퍼 블레이드는 어떤 상태일 때 교체해야 하나요?,p297/c558,p297/c558,10,C10,p468/c875,468,875,0.65310697,0.34689303,0,브레이크액 관련 내용으로 질문과 관련이 없습니다.,10,6,1,False,True,상승,1,0,4350,578,4928,6.2021037000231445
M6-06,엔진 오일량을 확인할 때 레벨 게이지를 다시 뽑기 전에 무엇을 해야 하나요?,p463/c866,p463/c866;p463/c867,1,C01,p464/c868,464,868,0.45145157,0.54854843,45,"오일 보충 후 레벨 게이지로 다시 확인하는 절차가 포함되어 있으나, 다시 뽑기 전 단계는 직접 설명하지 않습니다.",3,2,1,True,True,상승,1,0,3623,518,4141,5.229464499978349
M6-06,엔진 오일량을 확인할 때 레벨 게이지를 다시 뽑기 전에 무엇을 해야 하나요?,p463/c866,p463/c866;p463/c867,2,C02,p463/c867,463,867,0.45707370,0.54292630,100,레벨 게이지를 다시 뽑기 전에 다시 꽂아야 한다는 절차가 직접 제시되어 있습니다.,1,2,1,True,True,상승,1,0,3623,518,4141,5.229464499978349
M6-06,엔진 오일량을 확인할 때 레벨 게이지를 다시 뽑기 전에 무엇을 해야 하나요?,p463/c866,p463/c866;p463/c867,3,C03,p463/c866,463,866,0.47267005,0.52732995,98,엔진 오일 점검 절차에서 게이지를 깨끗한 헝겊으로 닦은 후 다시 꽂고 뽑도록 직접 설명합니다.,2,2,1,True,True,상승,1,0,3623,518,4141,5.229464499978349
M6-06,엔진 오일량을 확인할 때 레벨 게이지를 다시 뽑기 전에 무엇을 해야 하나요?,p463/c866,p463/c866;p463/c867,4,C04,p465/c870,465,870,0.49762267,0.50237733,12,엔진 오일 부족과 유압 경고에 관한 설명으로 질문의 절차와 직접 관련이 적습니다.,5,2,1,True,True,상승,1,0,3623,518,4141,5.229464499978349
M6-06,엔진 오일량을 확인할 때 레벨 게이지를 다시 뽑기 전에 무엇을 해야 하나요?,p463/c866,p463/c866;p463/c867,5,C05,p447/c840,447,840,0.50887084,0.49112916,5,"정기 점검 항목의 목차로, 레벨 게이지 조작 절차가 없습니다.",7,2,1,True,True,상승,1,0,3623,518,4141,5.229464499978349
M6-06,엔진 오일량을 확인할 때 레벨 게이지를 다시 뽑기 전에 무엇을 해야 하나요?,p463/c866,p463/c866;p463/c867,6,C06,p465/c869,465,869,0.51381389,0.48618611,18,엔진 오일 교체 및 보충 관련 주의사항이지만 레벨 게이지를 뽑기 전 절차는 없습니다.,4,2,1,True,True,상승,1,0,3623,518,4141,5.229464499978349
M6-06,엔진 오일량을 확인할 때 레벨 게이지를 다시 뽑기 전에 무엇을 해야 하나요?,p463/c866,p463/c866;p463/c867,7,C07,p447/c839,447,839,0.53955190,0.46044810,8,엔진 오일 점검 항목의 목차만 제시되어 있어 절차 정보가 없습니다.,6,2,1,True,True,상승,1,0,3623,518,4141,5.229464499978349
M6-06,엔진 오일량을 확인할 때 레벨 게이지를 다시 뽑기 전에 무엇을 해야 하나요?,p463/c866,p463/c866;p463/c867,8,C08,p430/c810,430,810,0.54347718,0.45652282,1,냉각수 점검 및 과열 관련 내용으로 엔진 오일 레벨 게이지와 무관합니다.,10,2,1,True,True,상승,1,0,3623,518,4141,5.229464499978349
M6-06,엔진 오일량을 확인할 때 레벨 게이지를 다시 뽑기 전에 무엇을 해야 하나요?,p463/c866,p463/c866;p463/c867,9,C09,p7/c10,7,10,0.55081564,0.44918436,2,엔진 오일 관련 항목의 목차만 있어 질문에 답할 근거가 없습니다.,9,2,1,True,True,상승,1,0,3623,518,4141,5.229464499978349
M6-06,엔진 오일량을 확인할 때 레벨 게이지를 다시 뽑기 전에 무엇을 해야 하나요?,p463/c866,p463/c866;p463/c867,10,C10,p29/c52,29,52,0.55389007,0.44610993,4,일상적인 엔진룸 점검 안내지만 엔진 오일 레벨 게이지 절차는 제시하지 않습니다.,8,2,1,True,True,상승,1,0,3623,518,4141,5.229464499978349
M6-07,냉각수는 언제 확인하고 보조 탱크의 어느 범위까지 보충하나요?,p466/c871,p466/c871,1,C01,p430/c810,430,810,0.56751374,0.43248626,82,엔진이 충분히 냉각된 후 냉각수 양과 누수 여부를 점검하고 보충하라고 안내함,2,2,1,True,True,상승,1,0,4241,558,4799,6.332550799939781
M6-07,냉각수는 언제 확인하고 보조 탱크의 어느 범위까지 보충하나요?,p466/c871,p466/c871,2,C02,p466/c871,466,871,0.57118557,0.42881443,100,"엔진이 식었을 때 확인하며, 보조 탱크의 냉각수량이 MIN~MAX 사이인지 확인하고 MAX까지 보충하는 절차를 직접 설명함",1,2,1,True,True,상승,1,0,4241,558,4799,6.332550799939781
M6-07,냉각수는 언제 확인하고 보조 탱크의 어느 범위까지 보충하나요?,p466/c871,p466/c871,3,C03,p467/c872,467,872,0.60481910,0.39518090,52,냉각수 보충 후 며칠 뒤 냉각수량을 다시 점검하라는 후속 점검 시점을 설명함,3,2,1,True,True,상승,1,0,4241,558,4799,6.332550799939781
M6-07,냉각수는 언제 확인하고 보조 탱크의 어느 범위까지 보충하나요?,p466/c871,p466/c871,4,C04,p447/c840,447,840,0.62822562,0.37177438,18,냉각수 점검 및 보충 항목의 위치만 안내하는 목차 내용임,5,2,1,True,True,상승,1,0,4241,558,4799,6.332550799939781
M6-07,냉각수는 언제 확인하고 보조 탱크의 어느 범위까지 보충하나요?,p466/c871,p466/c871,5,C05,p225/c411,225,411,0.63517402,0.36482598,1,에어컨 냉매의 정비 및 충전 주의사항으로 냉각수와 무관함,9,2,1,True,True,상승,1,0,4241,558,4799,6.332550799939781
M6-07,냉각수는 언제 확인하고 보조 탱크의 어느 범위까지 보충하나요?,p466/c871,p466/c871,6,C06,p469/c877,469,877,0.64319064,0.35680936,3,와셔액 점검 및 보충 내용으로 냉각수 질문과 무관함,7,2,1,True,True,상승,1,0,4241,558,4799,6.332550799939781
M6-07,냉각수는 언제 확인하고 보조 탱크의 어느 범위까지 보충하나요?,p466/c871,p466/c871,7,C07,p209/c389,209,389,0.64807237,0.35192763,0,공조 장치의 바람 방향 설명으로 냉각수 점검과 무관함,10,2,1,True,True,상승,1,0,4241,558,4799,6.332550799939781
M6-07,냉각수는 언제 확인하고 보조 탱크의 어느 범위까지 보충하나요?,p466/c871,p466/c871,8,C08,p467/c873,467,873,0.64879125,0.35120875,38,냉각수 보충 후 캡을 닫고 누수가 현저하면 점검받으라는 관련 주의사항을 포함함,4,2,1,True,True,상승,1,0,4241,558,4799,6.332550799939781
M6-07,냉각수는 언제 확인하고 보조 탱크의 어느 범위까지 보충하나요?,p466/c871,p466/c871,9,C09,p468/c874,468,874,0.65763582,0.34236418,8,냉각수 교체와 다른 브레이크액 점검 내용으로 질문의 확인·보충 범위와 직접 관련성이 낮음,6,2,1,True,True,상승,1,0,4241,558,4799,6.332550799939781
M6-07,냉각수는 언제 확인하고 보조 탱크의 어느 범위까지 보충하나요?,p466/c871,p466/c871,10,C10,p213/c394,213,394,0.66341029,0.33658971,2,공조 장치용 에어필터와 에어컨 냉매 관련 내용으로 무관함,8,2,1,True,True,상승,1,0,4241,558,4799,6.332550799939781
M6-08,타이어 공기압 점검에서 ‘차가운 타이어’는 어떤 상태를 뜻하나요?,p478/c890,p478/c890,1,C01,p29/c53,29,53,0.36255300,0.63744700,30,장거리 또는 고속 주행 전 타이어 공기압 점검을 안내하지만 차가운 타이어의 의미는 설명하지 않음.,3,3,1,True,True,상승,1,0,4312,715,5027,7.641602100105956
M6-08,타이어 공기압 점검에서 ‘차가운 타이어’는 어떤 상태를 뜻하나요?,p478/c890,p478/c890,2,C02,p478/c891,478,891,0.36591017,0.63408983,45,주행 직후 타이어 공기압이 높아지는 이유와 추천 공기압 조정 시 주의점을 설명해 정의 이해에 일부 도움을 줌.,2,3,1,True,True,상승,1,0,4312,715,5027,7.641602100105956
M6-08,타이어 공기압 점검에서 ‘차가운 타이어’는 어떤 상태를 뜻하나요?,p478/c890,p478/c890,3,C03,p478/c890,478,890,0.42051234,0.57948766,100,차가운 타이어를 3시간 이내 주행하지 않았거나 1.6km 이내로 주행한 타이어라고 직접 정의함.,1,3,1,True,True,상승,1,0,4312,715,5027,7.641602100105956
M6-08,타이어 공기압 점검에서 ‘차가운 타이어’는 어떤 상태를 뜻하나요?,p478/c890,p478/c890,4,C04,p433/c814,433,814,0.43099932,0.56900068,12,타이어 공기압 점검과 저압 주행의 위험을 안내하지만 차가운 타이어의 의미는 설명하지 않음.,7,3,1,True,True,상승,1,0,4312,715,5027,7.641602100105956
M6-08,타이어 공기압 점검에서 ‘차가운 타이어’는 어떤 상태를 뜻하나요?,p478/c890,p478/c890,5,C05,p439/c824,439,824,0.43178959,0.56821041,18,타이어 공기압 조절 방법과 추천 공기압 확인 위치를 설명하지만 차가운 상태의 의미는 다루지 않음.,5,3,1,True,True,상승,1,0,4312,715,5027,7.641602100105956
M6-08,타이어 공기압 점검에서 ‘차가운 타이어’는 어떤 상태를 뜻하나요?,p478/c890,p478/c890,6,C06,p440/c827,440,827,0.43722312,0.56277688,16,타이어 공기압 조절 절차를 설명하지만 차가운 타이어의 정의와 직접 관련이 없음.,6,3,1,True,True,상승,1,0,4312,715,5027,7.641602100105956
M6-08,타이어 공기압 점검에서 ‘차가운 타이어’는 어떤 상태를 뜻하나요?,p478/c890,p478/c890,7,C07,p434/c817,434,817,0.44011172,0.55988828,4,타이어 공기압 감지 센서 관련 내용으로 질문의 정의와 직접 관련이 없음.,9,3,1,True,True,상승,1,0,4312,715,5027,7.641602100105956
M6-08,타이어 공기압 점검에서 ‘차가운 타이어’는 어떤 상태를 뜻하나요?,p478/c890,p478/c890,8,C08,p434/c816,434,816,0.45206017,0.54793983,5,TPMS 관련 주의사항과 센서 정보를 다루며 차가운 타이어와 관련된 내용이 없음.,8,3,1,True,True,상승,1,0,4312,715,5027,7.641602100105956
M6-08,타이어 공기압 점검에서 ‘차가운 타이어’는 어떤 상태를 뜻하나요?,p478/c890,p478/c890,9,C09,p425/c799,425,799,0.45531881,0.54468119,1,타이어 공기압 확인 항목의 목차만 제시되어 질문에 대한 근거가 거의 없음.,10,3,1,True,True,상승,1,0,4312,715,5027,7.641602100105956
M6-08,타이어 공기압 점검에서 ‘차가운 타이어’는 어떤 상태를 뜻하나요?,p478/c890,p478/c890,10,C10,p29/c52,29,52,0.47074859,0.52925141,25,운전 전 타이어 공기압 점검을 안내하지만 차가운 타이어의 정의와는 직접 관련이 낮음.,4,3,1,True,True,상승,1,0,4312,715,5027,7.641602100105956
M6-09,타이어는 마모 표시밴드가 보일 때와 잔여 홈이 어느 수준일 때 교체하나요?,p479/c892,p479/c892;p479/c893,1,C01,p479/c892,479,892,0.52919127,0.47080873,100,"마모한도 표시밴드가 보일 때 교체하라는 조건과 일반도로 1.6mm 이하, 고속도로 2.4mm 이하의 잔여 홈 기준을 직접 제시함",1,1,1,True,True,유지,1,0,3620,591,4211,6.302708099829033
M6-09,타이어는 마모 표시밴드가 보일 때와 잔여 홈이 어느 수준일 때 교체하나요?,p479/c892,p479/c892;p479/c893,2,C02,p479/c893,479,893,0.55150767,0.44849233,88,"잔여 홈 깊이가 일반도로 1.6mm 이하, 고속도로 2.4mm 이하일 때 교체한다는 핵심 기준과 완전 마모 타이어의 경고를 포함함",2,1,1,True,True,유지,1,0,3620,591,4211,6.302708099829033
M6-09,타이어는 마모 표시밴드가 보일 때와 잔여 홈이 어느 수준일 때 교체하나요?,p479/c892,p479/c892;p479/c893,3,C03,p448/c846,448,846,0.55923143,0.44076857,1,타이어 측면 표시 항목의 목차만 제시하며 교체 기준 정보가 없음,7,1,1,True,True,유지,1,0,3620,591,4211,6.302708099829033
M6-09,타이어는 마모 표시밴드가 보일 때와 잔여 홈이 어느 수준일 때 교체하나요?,p479/c892,p479/c892;p479/c893,4,C04,p420/c789,420,789,0.57969452,0.42030548,3,타이어 공기압 이상 등 차량 상태를 언급하지만 타이어 교체 기준을 제시하지 않음,6,1,1,True,True,유지,1,0,3620,591,4211,6.302708099829033
M6-09,타이어는 마모 표시밴드가 보일 때와 잔여 홈이 어느 수준일 때 교체하나요?,p479/c892,p479/c892;p479/c893,5,C05,p295/c554,295,554,0.58097941,0.41902059,0,빙판길이나 눈길에서의 탈출 방법으로 타이어 교체 기준과 관련이 없음,8,1,1,True,True,유지,1,0,3620,591,4211,6.302708099829033
M6-09,타이어는 마모 표시밴드가 보일 때와 잔여 홈이 어느 수준일 때 교체하나요?,p479/c892,p479/c892;p479/c893,6,C06,p481/c897,481,897,0.58244451,0.41755549,35,타이어의 제조 후 6년 경과 시 교체해야 한다는 별도의 교체 관련 조건을 설명하지만 마모 표시밴드나 잔여 홈 기준은 없음,3,1,1,True,True,유지,1,0,3620,591,4211,6.302708099829033
M6-09,타이어는 마모 표시밴드가 보일 때와 잔여 홈이 어느 수준일 때 교체하나요?,p479/c892,p479/c892;p479/c893,7,C07,p478/c891,478,891,0.58310412,0.41689588,24,타이어의 비정상 마모와 과다 마모 관련 내용을 다루지만 표시밴드나 잔여 홈에 따른 교체 기준은 없음,4,1,1,True,True,유지,1,0,3620,591,4211,6.302708099829033
M6-09,타이어는 마모 표시밴드가 보일 때와 잔여 홈이 어느 수준일 때 교체하나요?,p479/c892,p479/c892;p479/c893,8,C08,p112/c210,112,210,0.58445036,0.41554964,0,하이빔 보조 관련 목차로 타이어 교체와 관련이 없음,9,1,1,True,True,유지,1,0,3620,591,4211,6.302708099829033
M6-09,타이어는 마모 표시밴드가 보일 때와 잔여 홈이 어느 수준일 때 교체하나요?,p479/c892,p479/c892;p479/c893,9,C09,p480/c895,480,895,0.59496562,0.40503438,12,타이어 교체 시 확인할 규격과 측면 표시를 설명하지만 질문의 마모 상태별 교체 조건과는 직접 관련이 적음,5,1,1,True,True,유지,1,0,3620,591,4211,6.302708099829033
M6-09,타이어는 마모 표시밴드가 보일 때와 잔여 홈이 어느 수준일 때 교체하나요?,p479/c892,p479/c892;p479/c893,10,C10,p299/c566,299,566,0.59764158,0.40235842,0,겨울철 주차 및 동결 대처 내용으로 타이어 교체 기준과 관련이 없음,10,1,1,True,True,유지,1,0,3620,591,4211,6.302708099829033
M6-10,"배터리 단자를 분리·장착할 때 순서는 어떻게 되며, 단자 관리는 어떻게 하나요?",p475/c885,p475/c885,1,C01,p475/c885,475,885,0.52739579,0.47260421,100,"배터리 단자 분리 시 – 단자부터, 장착 시 + 단자부터 연결하는 순서와 단자 청소·조임·그리스 도포 등 관리 방법을 직접 설명합니다.",1,1,1,True,True,유지,1,0,4489,620,5109,6.535128399962559
M6-10,"배터리 단자를 분리·장착할 때 순서는 어떻게 되며, 단자 관리는 어떻게 하나요?",p475/c885,p475/c885,2,C02,p255/c474,255,474,0.56972683,0.43027317,6,배터리 방전 시 중립 변속을 위한 점프 연결 절차를 다루지만 단자 분리·장착 순서와 관리는 설명하지 않습니다.,5,1,1,True,True,유지,1,0,4489,620,5109,6.535128399962559
M6-10,"배터리 단자를 분리·장착할 때 순서는 어떻게 되며, 단자 관리는 어떻게 하나요?",p475/c885,p475/c885,3,C03,p448/c844,448,844,0.57896789,0.42103211,18,"배터리 관리 및 재연결 관련 항목의 위치를 보여주지만, 구체적인 절차나 관리 방법은 제시하지 않습니다.",3,1,1,True,True,유지,1,0,4489,620,5109,6.535128399962559
M6-10,"배터리 단자를 분리·장착할 때 순서는 어떻게 되며, 단자 관리는 어떻게 하나요?",p475/c885,p475/c885,4,C04,p255/c473,255,473,0.58688837,0.41311163,4,배터리 방전 가능성에 대한 변속 관련 주의사항만 포함하며 단자 작업과 직접 관련이 없습니다.,8,1,1,True,True,유지,1,0,4489,620,5109,6.535128399962559
M6-10,"배터리 단자를 분리·장착할 때 순서는 어떻게 되며, 단자 관리는 어떻게 하나요?",p475/c885,p475/c885,5,C05,p270/c501,270,501,0.60324075,0.39675925,6,"배터리 방전 후 중립 변속을 위한 점프 케이블 연결 절차로, 질문의 핵심 내용과는 거리가 있습니다.",6,1,1,True,True,유지,1,0,4489,620,5109,6.535128399962559
M6-10,"배터리 단자를 분리·장착할 때 순서는 어떻게 되며, 단자 관리는 어떻게 하나요?",p475/c885,p475/c885,6,C06,p477/c888,477,888,0.60428475,0.39571525,55,배터리 단자 분리 후 재연결 상황과 배터리 관련 작업·충전·교체 시 주의사항을 설명해 보조 근거로 유용합니다.,2,1,1,True,True,유지,1,0,4489,620,5109,6.535128399962559
M6-10,"배터리 단자를 분리·장착할 때 순서는 어떻게 되며, 단자 관리는 어떻게 하나요?",p475/c885,p475/c885,7,C07,p112/c215,112,215,0.60744539,0.39255461,0,배터리 단자 분리·장착이나 배터리 관리와 관련된 내용이 없습니다.,9,1,1,True,True,유지,1,0,4489,620,5109,6.535128399962559
M6-10,"배터리 단자를 분리·장착할 때 순서는 어떻게 되며, 단자 관리는 어떻게 하나요?",p475/c885,p475/c885,8,C08,p498/c927,498,927,0.60821996,0.39178004,0,배기가스 및 차량 관리 내용으로 배터리 단자 작업과 관련이 없습니다.,10,1,1,True,True,유지,1,0,4489,620,5109,6.535128399962559
M6-10,"배터리 단자를 분리·장착할 때 순서는 어떻게 되며, 단자 관리는 어떻게 하나요?",p475/c885,p475/c885,9,C09,p233/c425,233,425,0.61812441,0.38187559,10,배터리 방전을 막기 위해 글로브 박스를 닫아야 한다는 관련 주의사항만 포함합니다.,4,1,1,True,True,유지,1,0,4489,620,5109,6.535128399962559
M6-10,"배터리 단자를 분리·장착할 때 순서는 어떻게 되며, 단자 관리는 어떻게 하나요?",p475/c885,p475/c885,10,C10,p264/c489,264,489,0.61861032,0.38138968,5,배터리 방전 시 점프 스타트 및 중립 변속 절차를 설명하지만 단자 관리 내용은 없습니다.,7,1,1,True,True,유지,1,0,4489,620,5109,6.535128399962559
M6-11,브레이크액이 MIN 이하라면 어떻게 해야 하나요?,p468/c874,p468/c874,1,C01,p447/c841,447,841,0.57971589,0.42028411,35,브레이크액 점검 및 보충 항목이 있음을 보여주지만 구체적인 내용은 없습니다.,5,10,1,False,True,상승,1,0,4078,577,4655,6.021349899936467
M6-11,브레이크액이 MIN 이하라면 어떻게 해야 하나요?,p468/c874,p468/c874,2,C02,p468/c875,468,875,0.59421295,0.40578705,82,브레이크액 보충 후 탱크 캡을 잠그고 눈에 들어가지 않도록 주의하는 절차와 경고를 제공합니다.,3,10,1,False,True,상승,1,0,4078,577,4655,6.021349899936467
M6-11,브레이크액이 MIN 이하라면 어떻게 해야 하나요?,p468/c874,p468/c874,3,C03,p274/c508,274,508,0.59988055,0.40011945,20,브레이크 사용 및 제동 관련 일반적인 주의사항만 포함되어 있습니다.,7,10,1,False,True,상승,1,0,4078,577,4655,6.021349899936467
M6-11,브레이크액이 MIN 이하라면 어떻게 해야 하나요?,p468/c874,p468/c874,4,C04,p245/c449,245,449,0.60542220,0.39457780,5,브레이크 관련 목차만 제시되어 있어 질문에 답할 구체적인 정보가 없습니다.,10,10,1,False,True,상승,1,0,4078,577,4655,6.021349899936467
M6-11,브레이크액이 MIN 이하라면 어떻게 해야 하나요?,p468/c874,p468/c874,5,C05,p275/c510,275,510,0.60867973,0.39132027,16,"브레이크 과열, 침수, 패드 마모 등 일반적인 브레이크 주의사항으로 브레이크액 부족과 직접 관련이 적습니다.",8,10,1,False,True,상승,1,0,4078,577,4655,6.021349899936467
M6-11,브레이크액이 MIN 이하라면 어떻게 해야 하나요?,p468/c874,p468/c874,6,C06,p469/c876,469,876,0.61647390,0.38352610,68,"보충 후 캡 체결, 흘림 처리, 적합한 브레이크액 사용 등 관련 주의사항을 설명합니다.",4,10,1,False,True,상승,1,0,4078,577,4655,6.021349899936467
M6-11,브레이크액이 MIN 이하라면 어떻게 해야 하나요?,p468/c874,p468/c874,7,C07,p275/c511,275,511,0.62685147,0.37314853,12,올바른 제동 요령과 내리막길 주행 관련 내용으로 브레이크액 부족에 대한 답변 근거가 아닙니다.,9,10,1,False,True,상승,1,0,4078,577,4655,6.021349899936467
M6-11,브레이크액이 MIN 이하라면 어떻게 해야 하나요?,p468/c874,p468/c874,8,C08,p92/c163,92,163,0.63007283,0.36992717,27,브레이크 이상 및 경고등 점등 시 안전하게 정지하는 방법을 안내하지만 MIN 이하 상황을 직접 다루지는 않습니다.,6,10,1,False,True,상승,1,0,4078,577,4655,6.021349899936467
M6-11,브레이크액이 MIN 이하라면 어떻게 해야 하나요?,p468/c874,p468/c874,9,C09,p92/c162,92,162,0.63395814,0.36604186,94,"브레이크액 부족 시 보충 후 주행하고, 경고등이 계속 켜지면 점검받으라고 안내합니다.",2,10,1,False,True,상승,1,0,4078,577,4655,6.021349899936467
M6-11,브레이크액이 MIN 이하라면 어떻게 해야 하나요?,p468/c874,p468/c874,10,C10,p468/c874,468,874,0.63885574,0.36114426,100,"MIN 이하일 때 정비소 점검을 받고, 브레이크액 보충 절차까지 직접 설명합니다.",1,10,1,False,True,상승,1,0,4078,577,4655,6.021349899936467
