ID,Question,Expected page/chunk,Acceptable page/chunk,Top-5 page/chunk,Top-10 page/chunk,First relevant rank,Hit@5,RR@5,Fail reason,Observation
M6-01,안전벨트의 골반띠와 어깨띠는 각각 어디에 착용해야 하나요?,p31/c56,p31/c56,rank1:p31/c56; rank2:p60/c109; rank3:p31/c57; rank4:p62/c113; rank5:p57/c103,rank1:p31/c56; rank2:p60/c109; rank3:p31/c57; rank4:p62/c113; rank5:p57/c103; rank6:p57/c104; rank7:p39/c76; rank8:p62/c114; rank9:p61/c112; rank10:p63/c116,1,1,1.0000,,Top-1에서 기대 chunk가 정확히 검색됨. Top-5는 안전벨트 절차 중심.
M6-02,Sonata의 후드는 어떤 순서로 여나요?,p163/c316,p163/c316,rank1:p112/c210; rank2:p51/c94; rank3:p163/c316; rank4:p49/c91; rank5:p201/c379,rank1:p112/c210; rank2:p51/c94; rank3:p163/c316; rank4:p49/c91; rank5:p201/c379; rank6:p54/c98; rank7:p112/c211; rank8:p160/c310; rank9:p41/c81; rank10:p11/c19,3,1,0.3333,,기대 후드 열기 근거가 rank 3. Top-1/2 등 일부 결과는 다른 차량 기능 페이지라 상위 순위 관련성은 혼재.
M6-03,비상 경고등 버튼을 누르면 어떤 표시가 작동하나요?,p99/c176,p99/c176,rank1:p99/c176; rank2:p117/c228; rank3:p308/c592; rank4:p91/c161; rank5:p141/c276,rank1:p99/c176; rank2:p117/c228; rank3:p308/c592; rank4:p91/c161; rank5:p141/c276; rank6:p426/c802; rank7:p142/c279; rank8:p394/c739; rank9:p281/c522; rank10:p336/c640,1,1,1.0000,,기대 근거가 rank 1. 질문과 답변 근거 일치.
M6-04,스마트 키로 도어를 잠근 뒤 잠금 상태를 어떻게 확인하나요?,p114/c222,p114/c222; p115/c223,rank1:p142/c278; rank2:p115/c224; rank3:p141/c277; rank4:p135/c264; rank5:p114/c222,rank1:p142/c278; rank2:p115/c224; rank3:p141/c277; rank4:p135/c264; rank5:p114/c222; rank6:p115/c223; rank7:p117/c227; rank8:p197/c373; rank9:p116/c225; rank10:p142/c279,5,1,0.2000,,"기대 chunk rank 5, 인접 chunk 223도 동일 잠금 확인 단계를 반복하지만 Top-5에는 exact chunk가 포함됨."
M6-05,와이퍼 블레이드는 어떤 상태일 때 교체해야 하나요?,p297/c558,p297/c558,rank1:p474/c884; rank2:p473/c883; rank3:p473/c882; rank4:p447/c843; rank5:p479/c893,rank1:p474/c884; rank2:p473/c883; rank3:p473/c882; rank4:p447/c843; rank5:p479/c893; rank6:p297/c558; rank7:p469/c877; rank8:p203/c381; rank9:p484/c903; rank10:p468/c875,6,0,0.0000,B: expected chunk outside Top-5; D candidate,기대 근거가 rank 6. Top-1~3은 같은 매뉴얼의 와이퍼 블레이드 교체 절차로 근접 주제이나 질문의 교체 판단 기준 chunk는 cutoff 밖.
M6-06,엔진 오일량을 확인할 때 레벨 게이지를 다시 뽑기 전에 무엇을 해야 하나요?,p463/c866,p463/c866; p463/c867,rank1:p464/c868; rank2:p463/c867; rank3:p463/c866; rank4:p465/c870; rank5:p447/c840,rank1:p464/c868; rank2:p463/c867; rank3:p463/c866; rank4:p465/c870; rank5:p447/c840; rank6:p465/c869; rank7:p447/c839; rank8:p430/c810; rank9:p7/c10; rank10:p29/c52,2,1,0.5000,,인접 chunk 867에 게이지를 닦고 다시 꽂은 뒤 뽑으라는 동일 핵심 절차가 있어 rank 2를 첫 관련 순위로 계산.
M6-07,냉각수는 언제 확인하고 보조 탱크의 어느 범위까지 보충하나요?,p466/c871,p466/c871,rank1:p430/c810; rank2:p466/c871; rank3:p467/c872; rank4:p447/c840; rank5:p225/c411,rank1:p430/c810; rank2:p466/c871; rank3:p467/c872; rank4:p447/c840; rank5:p225/c411; rank6:p469/c877; rank7:p209/c389; rank8:p467/c873; rank9:p468/c874; rank10:p213/c394,2,1,0.5000,,기대 냉각수 점검 근거가 rank 2.
M6-08,타이어 공기압 점검에서 ‘차가운 타이어’는 어떤 상태를 뜻하나요?,p478/c890,p478/c890,rank1:p29/c53; rank2:p478/c891; rank3:p478/c890; rank4:p433/c814; rank5:p439/c824,rank1:p29/c53; rank2:p478/c891; rank3:p478/c890; rank4:p433/c814; rank5:p439/c824; rank6:p440/c827; rank7:p434/c817; rank8:p434/c816; rank9:p425/c799; rank10:p29/c52,3,1,0.3333,,기대 정의 chunk rank 3. rank 1 p.29/c53은 다른 주제의 결과로 상위 관련성 문제 후보.
M6-09,타이어는 마모 표시밴드가 보일 때와 잔여 홈이 어느 수준일 때 교체하나요?,p479/c892,p479/c892; p479/c893,rank1:p479/c892; rank2:p479/c893; rank3:p448/c846; rank4:p420/c789; rank5:p295/c554,rank1:p479/c892; rank2:p479/c893; rank3:p448/c846; rank4:p420/c789; rank5:p295/c554; rank6:p481/c897; rank7:p478/c891; rank8:p112/c210; rank9:p480/c895; rank10:p299/c566,1,1,1.0000,,기대 교체 기준 chunk가 rank 1.
M6-10,"배터리 단자를 분리·장착할 때 순서는 어떻게 되며, 단자 관리는 어떻게 하나요?",p475/c885,p475/c885,rank1:p475/c885; rank2:p255/c474; rank3:p448/c844; rank4:p255/c473; rank5:p270/c501,rank1:p475/c885; rank2:p255/c474; rank3:p448/c844; rank4:p255/c473; rank5:p270/c501; rank6:p477/c888; rank7:p112/c215; rank8:p498/c927; rank9:p233/c425; rank10:p264/c489,1,1,1.0000,,복합 배터리 관리·단자 순서 기대 근거 chunk가 rank 1.
M6-11,브레이크액이 MIN 이하라면 어떻게 해야 하나요?,p468/c874,p468/c874,rank1:p447/c841; rank2:p468/c875; rank3:p274/c508; rank4:p245/c449; rank5:p275/c510,rank1:p447/c841; rank2:p468/c875; rank3:p274/c508; rank4:p245/c449; rank5:p275/c510; rank6:p469/c876; rank7:p275/c511; rank8:p92/c163; rank9:p92/c162; rank10:p468/c874,10,0,0.0000,B: expected chunk outside Top-5; D candidate,브레이크액 MIN 이하 조치 기대 chunk가 rank 10. Top-5는 주변 page와 다른 정비 내용이 차지.
