question_id,chapter_no,chapter_name,question_type,question,expected_page,expected_chunk,acceptable_evidence,before_rank,after_rank,rank_delta,candidate_miss,ranking_failure,rerank_success,rerank_fallback_reason,vector_candidates,reranked_top10,candidate_set_identical,request_count,retry_count,rerank_latency_seconds,total_search_latency_seconds,input_tokens,output_tokens
U50-001,1,1. 안내 및 차량 정보,warning,제작 결함이 의심되는 차량 문제는 어디에 신고할 수 있나요?,3,3,"[{""page"": 3, ""chunk"": 3, ""reason"": ""primary source chunk""}]",2,2,0,False,False,True,,"[{""candidate_id"": ""C01"", ""page_no"": 109, ""chunk_id"": 192}, {""candidate_id"": ""C02"", ""page_no"": 3, ""chunk_id"": 3}, {""candidate_id"": ""C03"", ""page_no"": 343, ""chunk_id"": 652}, {""candidate_id"": ""C04"", ""page_no"": 295, ""chunk_id"": 553}, {""candidate_id"": ""C05"", ""page_no"": 3, ""chunk_id"": 4}, {""candidate_id"": ""C06"", ""page_no"": 434, ""chunk_id"": 816}, {""candidate_id"": ""C07"", ""page_no"": 397, ""chunk_id"": 745}, {""candidate_id"": ""C08"", ""page_no"": 194, ""chunk_id"": 368}, {""candidate_id"": ""C09"", ""page_no"": 413, ""chunk_id"": 775}, {""candidate_id"": ""C10"", ""page_no"": 109, ""chunk_id"": 193}]","[{""rank"": 1, ""page"": 3, ""chunk"": 4}, {""rank"": 2, ""page"": 3, ""chunk"": 3}, {""rank"": 3, ""page"": 194, ""chunk"": 368}, {""rank"": 4, ""page"": 295, ""chunk"": 553}, {""rank"": 5, ""page"": 434, ""chunk"": 816}, {""rank"": 6, ""page"": 413, ""chunk"": 775}, {""rank"": 7, ""page"": 343, ""chunk"": 652}, {""rank"": 8, ""page"": 397, ""chunk"": 745}, {""rank"": 9, ""page"": 109, ""chunk"": 192}, {""rank"": 10, ""page"": 109, ""chunk"": 193}]",True,1,0,3.822155699832365,7.4271490999963135,3785,222
U50-002,1,1. 안내 및 차량 정보,warning,취급설명서에서 ‘주의’ 표시는 어떤 상황을 의미하나요?,1,1,"[{""page"": 1, ""chunk"": 1, ""reason"": ""primary source chunk""}]",7,1,6,False,False,True,,"[{""candidate_id"": ""C01"", ""page_no"": 427, ""chunk_id"": 805}, {""candidate_id"": ""C02"", ""page_no"": 352, ""chunk_id"": 666}, {""candidate_id"": ""C03"", ""page_no"": 36, ""chunk_id"": 66}, {""candidate_id"": ""C04"", ""page_no"": 456, ""chunk_id"": 859}, {""candidate_id"": ""C05"", ""page_no"": 109, ""chunk_id"": 192}, {""candidate_id"": ""C06"", ""page_no"": 97, ""chunk_id"": 172}, {""candidate_id"": ""C07"", ""page_no"": 1, ""chunk_id"": 1}, {""candidate_id"": ""C08"", ""page_no"": 453, ""chunk_id"": 855}, {""candidate_id"": ""C09"", ""page_no"": 27, ""chunk_id"": 46}, {""candidate_id"": ""C10"", ""page_no"": 223, ""chunk_id"": 407}]","[{""rank"": 1, ""page"": 1, ""chunk"": 1}, {""rank"": 2, ""page"": 453, ""chunk"": 855}, {""rank"": 3, ""page"": 36, ""chunk"": 66}, {""rank"": 4, ""page"": 456, ""chunk"": 859}, {""rank"": 5, ""page"": 352, ""chunk"": 666}, {""rank"": 6, ""page"": 27, ""chunk"": 46}, {""rank"": 7, ""page"": 223, ""chunk"": 407}, {""rank"": 8, ""page"": 97, ""chunk"": 172}, {""rank"": 9, ""page"": 427, ""chunk"": 805}, {""rank"": 10, ""page"": 109, ""chunk"": 192}]",True,1,0,4.555603299988434,4.902141799917445,4372,372
U50-003,1,1. 안내 및 차량 정보,condition,타이어 속도 등급이 V이면 최대 안전 주행 속도는 얼마인가요?,21,37,"[{""page"": 21, ""chunk"": 37, ""reason"": ""primary source chunk""}]",1,1,0,False,False,True,,"[{""candidate_id"": ""C01"", ""page_no"": 21, ""chunk_id"": 37}, {""candidate_id"": ""C02"", ""page_no"": 480, ""chunk_id"": 896}, {""candidate_id"": ""C03"", ""page_no"": 297, ""chunk_id"": 558}, {""candidate_id"": ""C04"", ""page_no"": 295, ""chunk_id"": 553}, {""candidate_id"": ""C05"", ""page_no"": 372, ""chunk_id"": 700}, {""candidate_id"": ""C06"", ""page_no"": 317, ""chunk_id"": 608}, {""candidate_id"": ""C07"", ""page_no"": 96, ""chunk_id"": 171}, {""candidate_id"": ""C08"", ""page_no"": 349, ""chunk_id"": 660}, {""candidate_id"": ""C09"", ""page_no"": 384, ""chunk_id"": 719}, {""candidate_id"": ""C10"", ""page_no"": 347, ""chunk_id"": 657}]","[{""rank"": 1, ""page"": 21, ""chunk"": 37}, {""rank"": 2, ""page"": 480, ""chunk"": 896}, {""rank"": 3, ""page"": 297, ""chunk"": 558}, {""rank"": 4, ""page"": 295, ""chunk"": 553}, {""rank"": 5, ""page"": 347, ""chunk"": 657}, {""rank"": 6, ""page"": 96, ""chunk"": 171}, {""rank"": 7, ""page"": 349, ""chunk"": 660}, {""rank"": 8, ""page"": 372, ""chunk"": 700}, {""rank"": 9, ""page"": 384, ""chunk"": 719}, {""rank"": 10, ""page"": 317, ""chunk"": 608}]",True,1,0,4.088671799981967,5.243793899891898,4364,325
U50-004,1,1. 안내 및 차량 정보,feature,엔진 번호는 차량의 어느 부위에서 확인할 수 있나요?,26,43,"[{""page"": 26, ""chunk"": 43, ""reason"": ""primary source chunk""}]",,,,True,False,True,,"[{""candidate_id"": ""C01"", ""page_no"": 29, ""chunk_id"": 52}, {""candidate_id"": ""C02"", ""page_no"": 7, ""chunk_id"": 8}, {""candidate_id"": ""C03"", ""page_no"": 27, ""chunk_id"": 47}, {""candidate_id"": ""C04"", ""page_no"": 7, ""chunk_id"": 10}, {""candidate_id"": ""C05"", ""page_no"": 18, ""chunk_id"": 33}, {""candidate_id"": ""C06"", ""page_no"": 25, ""chunk_id"": 42}, {""candidate_id"": ""C07"", ""page_no"": 7, ""chunk_id"": 11}, {""candidate_id"": ""C08"", ""page_no"": 343, ""chunk_id"": 652}, {""candidate_id"": ""C09"", ""page_no"": 273, ""chunk_id"": 506}, {""candidate_id"": ""C10"", ""page_no"": 86, ""chunk_id"": 154}]","[{""rank"": 1, ""page"": 7, ""chunk"": 10}, {""rank"": 2, ""page"": 7, ""chunk"": 11}, {""rank"": 3, ""page"": 7, ""chunk"": 8}, {""rank"": 4, ""page"": 18, ""chunk"": 33}, {""rank"": 5, ""page"": 25, ""chunk"": 42}, {""rank"": 6, ""page"": 29, ""chunk"": 52}, {""rank"": 7, ""page"": 27, ""chunk"": 47}, {""rank"": 8, ""page"": 273, ""chunk"": 506}, {""rank"": 9, ""page"": 86, ""chunk"": 154}, {""rank"": 10, ""page"": 343, ""chunk"": 652}]",True,1,0,3.344481100095436,3.625458399998024,2370,193
U50-005,1,1. 안내 및 차량 정보,maintenance,Smartstream G1.6 T-GDI 엔진의 엔진 오일 용량은 얼마인가요?,23,39,"[{""page"": 23, ""chunk"": 39, ""reason"": ""primary source chunk""}]",3,1,2,False,False,True,,"[{""candidate_id"": ""C01"", ""page_no"": 16, ""chunk_id"": 29}, {""candidate_id"": ""C02"", ""page_no"": 23, ""chunk_id"": 40}, {""candidate_id"": ""C03"", ""page_no"": 23, ""chunk_id"": 39}, {""candidate_id"": ""C04"", ""page_no"": 463, ""chunk_id"": 867}, {""candidate_id"": ""C05"", ""page_no"": 449, ""chunk_id"": 851}, {""candidate_id"": ""C06"", ""page_no"": 24, ""chunk_id"": 41}, {""candidate_id"": ""C07"", ""page_no"": 450, ""chunk_id"": 852}, {""candidate_id"": ""C08"", ""page_no"": 464, ""chunk_id"": 868}, {""candidate_id"": ""C09"", ""page_no"": 15, ""chunk_id"": 27}, {""candidate_id"": ""C10"", ""page_no"": 26, ""chunk_id"": 43}]","[{""rank"": 1, ""page"": 23, ""chunk"": 39}, {""rank"": 2, ""page"": 24, ""chunk"": 41}, {""rank"": 3, ""page"": 463, ""chunk"": 867}, {""rank"": 4, ""page"": 464, ""chunk"": 868}, {""rank"": 5, ""page"": 16, ""chunk"": 29}, {""rank"": 6, ""page"": 450, ""chunk"": 852}, {""rank"": 7, ""page"": 23, ""chunk"": 40}, {""rank"": 8, ""page"": 449, ""chunk"": 851}, {""rank"": 9, ""page"": 15, ""chunk"": 27}, {""rank"": 10, ""page"": 26, ""chunk"": 43}]",True,1,0,2.3088955997955054,2.579137000022456,3012,176
U50-006,2,2. 안전 및 주의 사항,warning,주행 중 엔진을 끄면 어떤 문제가 생길 수 있나요?,33,61,"[{""page"": 33, ""chunk"": 61, ""reason"": ""primary source chunk""}]",,,,True,False,True,,"[{""candidate_id"": ""C01"", ""page_no"": 27, ""chunk_id"": 47}, {""candidate_id"": ""C02"", ""page_no"": 425, ""chunk_id"": 797}, {""candidate_id"": ""C03"", ""page_no"": 263, ""chunk_id"": 487}, {""candidate_id"": ""C04"", ""page_no"": 465, ""chunk_id"": 870}, {""candidate_id"": ""C05"", ""page_no"": 430, ""chunk_id"": 809}, {""candidate_id"": ""C06"", ""page_no"": 81, ""chunk_id"": 145}, {""candidate_id"": ""C07"", ""page_no"": 274, ""chunk_id"": 508}, {""candidate_id"": ""C08"", ""page_no"": 499, ""chunk_id"": 930}, {""candidate_id"": ""C09"", ""page_no"": 81, ""chunk_id"": 146}, {""candidate_id"": ""C10"", ""page_no"": 282, ""chunk_id"": 525}]","[{""rank"": 1, ""page"": 499, ""chunk"": 930}, {""rank"": 2, ""page"": 27, ""chunk"": 47}, {""rank"": 3, ""page"": 425, ""chunk"": 797}, {""rank"": 4, ""page"": 274, ""chunk"": 508}, {""rank"": 5, ""page"": 263, ""chunk"": 487}, {""rank"": 6, ""page"": 430, ""chunk"": 809}, {""rank"": 7, ""page"": 465, ""chunk"": 870}, {""rank"": 8, ""page"": 282, ""chunk"": 525}, {""rank"": 9, ""page"": 81, ""chunk"": 145}, {""rank"": 10, ""page"": 81, ""chunk"": 146}]",True,1,0,3.10252849990502,3.4431019998155534,4104,246
U50-007,2,2. 안전 및 주의 사항,warning,주행 중 LPG 냄새가 나면 가장 먼저 어떻게 해야 하나요?,38,72,"[{""page"": 38, ""chunk"": 72, ""reason"": ""primary source chunk""}]",1,1,0,False,False,True,,"[{""candidate_id"": ""C01"", ""page_no"": 38, ""chunk_id"": 72}, {""candidate_id"": ""C02"", ""page_no"": 38, ""chunk_id"": 71}, {""candidate_id"": ""C03"", ""page_no"": 175, ""chunk_id"": 336}, {""candidate_id"": ""C04"", ""page_no"": 445, ""chunk_id"": 836}, {""candidate_id"": ""C05"", ""page_no"": 34, ""chunk_id"": 63}, {""candidate_id"": ""C06"", ""page_no"": 453, ""chunk_id"": 856}, {""candidate_id"": ""C07"", ""page_no"": 28, ""chunk_id"": 50}, {""candidate_id"": ""C08"", ""page_no"": 459, ""chunk_id"": 862}, {""candidate_id"": ""C09"", ""page_no"": 28, ""chunk_id"": 51}, {""candidate_id"": ""C10"", ""page_no"": 93, ""chunk_id"": 165}]","[{""rank"": 1, ""page"": 38, ""chunk"": 72}, {""rank"": 2, ""page"": 38, ""chunk"": 71}, {""rank"": 3, ""page"": 445, ""chunk"": 836}, {""rank"": 4, ""page"": 459, ""chunk"": 862}, {""rank"": 5, ""page"": 175, ""chunk"": 336}, {""rank"": 6, ""page"": 93, ""chunk"": 165}, {""rank"": 7, ""page"": 453, ""chunk"": 856}, {""rank"": 8, ""page"": 34, ""chunk"": 63}, {""rank"": 9, ""page"": 28, ""chunk"": 50}, {""rank"": 10, ""page"": 28, ""chunk"": 51}]",True,1,0,3.45534750004299,3.766378400148824,3863,295
U50-008,2,2. 안전 및 주의 사항,condition,어린이나 임산부가 동승석에 앉아도 되나요?,32,59,"[{""page"": 32, ""chunk"": 59, ""reason"": ""primary source chunk""}, {""page"": 32, ""chunk"": 58, ""reason"": ""same grounding quote repeats in adjacent overlapping chunk""}]",1,1,0,False,False,True,,"[{""candidate_id"": ""C01"", ""page_no"": 32, ""chunk_id"": 59}, {""candidate_id"": ""C02"", ""page_no"": 74, ""chunk_id"": 135}, {""candidate_id"": ""C03"", ""page_no"": 32, ""chunk_id"": 58}, {""candidate_id"": ""C04"", ""page_no"": 63, ""chunk_id"": 115}, {""candidate_id"": ""C05"", ""page_no"": 75, ""chunk_id"": 137}, {""candidate_id"": ""C06"", ""page_no"": 62, ""chunk_id"": 113}, {""candidate_id"": ""C07"", ""page_no"": 66, ""chunk_id"": 121}, {""candidate_id"": ""C08"", ""page_no"": 84, ""chunk_id"": 151}, {""candidate_id"": ""C09"", ""page_no"": 43, ""chunk_id"": 84}, {""candidate_id"": ""C10"", ""page_no"": 75, ""chunk_id"": 136}]","[{""rank"": 1, ""page"": 32, ""chunk"": 59}, {""rank"": 2, ""page"": 32, ""chunk"": 58}, {""rank"": 3, ""page"": 75, ""chunk"": 136}, {""rank"": 4, ""page"": 74, ""chunk"": 135}, {""rank"": 5, ""page"": 84, ""chunk"": 151}, {""rank"": 6, ""page"": 75, ""chunk"": 137}, {""rank"": 7, ""page"": 62, ""chunk"": 113}, {""rank"": 8, ""page"": 63, ""chunk"": 115}, {""rank"": 9, ""page"": 66, ""chunk"": 121}, {""rank"": 10, ""page"": 43, ""chunk"": 84}]",True,1,0,3.612864699913189,3.935198900057003,3762,294
U50-009,2,2. 안전 및 주의 사항,warning,트렁크를 연 채로 주행해도 괜찮은가요?,34,63,"[{""page"": 34, ""chunk"": 63, ""reason"": ""primary source chunk""}]",,,,True,False,True,,"[{""candidate_id"": ""C01"", ""page_no"": 165, ""chunk_id"": 320}, {""candidate_id"": ""C02"", ""page_no"": 170, ""chunk_id"": 327}, {""candidate_id"": ""C03"", ""page_no"": 164, ""chunk_id"": 318}, {""candidate_id"": ""C04"", ""page_no"": 408, ""chunk_id"": 766}, {""candidate_id"": ""C05"", ""page_no"": 170, ""chunk_id"": 328}, {""candidate_id"": ""C06"", ""page_no"": 166, ""chunk_id"": 322}, {""candidate_id"": ""C07"", ""page_no"": 171, ""chunk_id"": 329}, {""candidate_id"": ""C08"", ""page_no"": 172, ""chunk_id"": 330}, {""candidate_id"": ""C09"", ""page_no"": 110, ""chunk_id"": 202}, {""candidate_id"": ""C10"", ""page_no"": 168, ""chunk_id"": 325}]","[{""rank"": 1, ""page"": 165, ""chunk"": 320}, {""rank"": 2, ""page"": 408, ""chunk"": 766}, {""rank"": 3, ""page"": 170, ""chunk"": 328}, {""rank"": 4, ""page"": 164, ""chunk"": 318}, {""rank"": 5, ""page"": 170, ""chunk"": 327}, {""rank"": 6, ""page"": 166, ""chunk"": 322}, {""rank"": 7, ""page"": 171, ""chunk"": 329}, {""rank"": 8, ""page"": 172, ""chunk"": 330}, {""rank"": 9, ""page"": 168, ""chunk"": 325}, {""rank"": 10, ""page"": 110, ""chunk"": 202}]",True,1,0,3.1438849000260234,3.447122900048271,3913,254
U50-010,2,2. 안전 및 주의 사항,maintenance,가죽 시트가 젖었을 때는 무엇을 주의해야 하나요?,36,66,"[{""page"": 36, ""chunk"": 66, ""reason"": ""primary source chunk""}]",,,,True,False,True,,"[{""candidate_id"": ""C01"", ""page_no"": 495, ""chunk_id"": 920}, {""candidate_id"": ""C02"", ""page_no"": 494, ""chunk_id"": 919}, {""candidate_id"": ""C03"", ""page_no"": 494, ""chunk_id"": 918}, {""candidate_id"": ""C04"", ""page_no"": 495, ""chunk_id"": 921}, {""candidate_id"": ""C05"", ""page_no"": 496, ""chunk_id"": 923}, {""candidate_id"": ""C06"", ""page_no"": 58, ""chunk_id"": 105}, {""candidate_id"": ""C07"", ""page_no"": 76, ""chunk_id"": 138}, {""candidate_id"": ""C08"", ""page_no"": 62, ""chunk_id"": 114}, {""candidate_id"": ""C09"", ""page_no"": 468, ""chunk_id"": 875}, {""candidate_id"": ""C10"", ""page_no"": 62, ""chunk_id"": 113}]","[{""rank"": 1, ""page"": 495, ""chunk"": 920}, {""rank"": 2, ""page"": 494, ""chunk"": 919}, {""rank"": 3, ""page"": 76, ""chunk"": 138}, {""rank"": 4, ""page"": 495, ""chunk"": 921}, {""rank"": 5, ""page"": 496, ""chunk"": 923}, {""rank"": 6, ""page"": 494, ""chunk"": 918}, {""rank"": 7, ""page"": 58, ""chunk"": 105}, {""rank"": 8, ""page"": 62, ""chunk"": 114}, {""rank"": 9, ""page"": 62, ""chunk"": 113}, {""rank"": 10, ""page"": 468, ""chunk"": 875}]",True,1,0,3.128278100164607,3.445438399910927,5234,241
U50-011,3,3. 시트 및 안전 장치,procedure,앞좌석 열선 시트의 온도 단계는 어떻게 조절하나요?,54,98,"[{""page"": 54, ""chunk"": 98, ""reason"": ""primary source chunk""}, {""page"": 55, ""chunk"": 99, ""reason"": ""same grounding quote repeats in adjacent overlapping chunk""}]",1,1,0,False,False,True,,"[{""candidate_id"": ""C01"", ""page_no"": 54, ""chunk_id"": 98}, {""candidate_id"": ""C02"", ""page_no"": 55, ""chunk_id"": 99}, {""candidate_id"": ""C03"", ""page_no"": 40, ""chunk_id"": 80}, {""candidate_id"": ""C04"", ""page_no"": 41, ""chunk_id"": 81}, {""candidate_id"": ""C05"", ""page_no"": 44, ""chunk_id"": 85}, {""candidate_id"": ""C06"", ""page_no"": 56, ""chunk_id"": 101}, {""candidate_id"": ""C07"", ""page_no"": 220, ""chunk_id"": 403}, {""candidate_id"": ""C08"", ""page_no"": 39, ""chunk_id"": 75}, {""candidate_id"": ""C09"", ""page_no"": 39, ""chunk_id"": 74}, {""candidate_id"": ""C10"", ""page_no"": 217, ""chunk_id"": 400}]","[{""rank"": 1, ""page"": 54, ""chunk"": 98}, {""rank"": 2, ""page"": 55, ""chunk"": 99}, {""rank"": 3, ""page"": 56, ""chunk"": 101}, {""rank"": 4, ""page"": 39, ""chunk"": 74}, {""rank"": 5, ""page"": 39, ""chunk"": 75}, {""rank"": 6, ""page"": 40, ""chunk"": 80}, {""rank"": 7, ""page"": 41, ""chunk"": 81}, {""rank"": 8, ""page"": 44, ""chunk"": 85}, {""rank"": 9, ""page"": 217, ""chunk"": 400}, {""rank"": 10, ""page"": 220, ""chunk"": 403}]",True,1,0,2.821393399965018,3.126477299956605,3755,212
U50-012,3,3. 시트 및 안전 장치,condition,릴렉션 컴포트 시트가 작동하지 않는 경우는 언제인가요?,47,88,"[{""page"": 47, ""chunk"": 88, ""reason"": ""primary source chunk""}]",2,1,1,False,False,True,,"[{""candidate_id"": ""C01"", ""page_no"": 166, ""chunk_id"": 321}, {""candidate_id"": ""C02"", ""page_no"": 47, ""chunk_id"": 88}, {""candidate_id"": ""C03"", ""page_no"": 168, ""chunk_id"": 325}, {""candidate_id"": ""C04"", ""page_no"": 47, ""chunk_id"": 89}, {""candidate_id"": ""C05"", ""page_no"": 76, ""chunk_id"": 138}, {""candidate_id"": ""C06"", ""page_no"": 56, ""chunk_id"": 101}, {""candidate_id"": ""C07"", ""page_no"": 56, ""chunk_id"": 102}, {""candidate_id"": ""C08"", ""page_no"": 110, ""chunk_id"": 202}, {""candidate_id"": ""C09"", ""page_no"": 46, ""chunk_id"": 87}, {""candidate_id"": ""C10"", ""page_no"": 142, ""chunk_id"": 279}]","[{""rank"": 1, ""page"": 47, ""chunk"": 88}, {""rank"": 2, ""page"": 47, ""chunk"": 89}, {""rank"": 3, ""page"": 46, ""chunk"": 87}, {""rank"": 4, ""page"": 76, ""chunk"": 138}, {""rank"": 5, ""page"": 166, ""chunk"": 321}, {""rank"": 6, ""page"": 168, ""chunk"": 325}, {""rank"": 7, ""page"": 56, ""chunk"": 101}, {""rank"": 8, ""page"": 56, ""chunk"": 102}, {""rank"": 9, ""page"": 110, ""chunk"": 202}, {""rank"": 10, ""page"": 142, ""chunk"": 279}]",True,1,0,3.5006167001556605,3.846780200023204,4611,277
U50-013,3,3. 시트 및 안전 장치,warning,열선 시트를 사용할 때 배터리 방전을 막으려면 어떤 점에 주의해야 하나요?,55,100,"[{""page"": 55, ""chunk"": 100, ""reason"": ""primary source chunk""}]",2,1,1,False,False,True,,"[{""candidate_id"": ""C01"", ""page_no"": 475, ""chunk_id"": 885}, {""candidate_id"": ""C02"", ""page_no"": 55, ""chunk_id"": 100}, {""candidate_id"": ""C03"", ""page_no"": 429, ""chunk_id"": 807}, {""candidate_id"": ""C04"", ""page_no"": 429, ""chunk_id"": 808}, {""candidate_id"": ""C05"", ""page_no"": 477, ""chunk_id"": 888}, {""candidate_id"": ""C06"", ""page_no"": 39, ""chunk_id"": 75}, {""candidate_id"": ""C07"", ""page_no"": 475, ""chunk_id"": 886}, {""candidate_id"": ""C08"", ""page_no"": 56, ""chunk_id"": 102}, {""candidate_id"": ""C09"", ""page_no"": 297, ""chunk_id"": 559}, {""candidate_id"": ""C10"", ""page_no"": 55, ""chunk_id"": 99}]","[{""rank"": 1, ""page"": 55, ""chunk"": 100}, {""rank"": 2, ""page"": 55, ""chunk"": 99}, {""rank"": 3, ""page"": 475, ""chunk"": 886}, {""rank"": 4, ""page"": 475, ""chunk"": 885}, {""rank"": 5, ""page"": 429, ""chunk"": 807}, {""rank"": 6, ""page"": 429, ""chunk"": 808}, {""rank"": 7, ""page"": 56, ""chunk"": 102}, {""rank"": 8, ""page"": 39, ""chunk"": 75}, {""rank"": 9, ""page"": 477, ""chunk"": 888}, {""rank"": 10, ""page"": 297, ""chunk"": 559}]",True,1,0,3.0499124999623746,3.4040226999204606,4448,229
U50-014,3,3. 시트 및 안전 장치,procedure,스키 스루로 긴 화물을 적재하려면 어떻게 해야 하나요?,53,96,"[{""page"": 53, ""chunk"": 96, ""reason"": ""primary source chunk""}]",2,1,1,False,False,True,,"[{""candidate_id"": ""C01"", ""page_no"": 53, ""chunk_id"": 97}, {""candidate_id"": ""C02"", ""page_no"": 53, ""chunk_id"": 96}, {""candidate_id"": ""C03"", ""page_no"": 445, ""chunk_id"": 836}, {""candidate_id"": ""C04"", ""page_no"": 491, ""chunk_id"": 913}, {""candidate_id"": ""C05"", ""page_no"": 118, ""chunk_id"": 230}, {""candidate_id"": ""C06"", ""page_no"": 439, ""chunk_id"": 825}, {""candidate_id"": ""C07"", ""page_no"": 491, ""chunk_id"": 912}, {""candidate_id"": ""C08"", ""page_no"": 161, ""chunk_id"": 313}, {""candidate_id"": ""C09"", ""page_no"": 174, ""chunk_id"": 334}, {""candidate_id"": ""C10"", ""page_no"": 442, ""chunk_id"": 830}]","[{""rank"": 1, ""page"": 53, ""chunk"": 96}, {""rank"": 2, ""page"": 53, ""chunk"": 97}, {""rank"": 3, ""page"": 442, ""chunk"": 830}, {""rank"": 4, ""page"": 439, ""chunk"": 825}, {""rank"": 5, ""page"": 445, ""chunk"": 836}, {""rank"": 6, ""page"": 491, ""chunk"": 913}, {""rank"": 7, ""page"": 118, ""chunk"": 230}, {""rank"": 8, ""page"": 491, ""chunk"": 912}, {""rank"": 9, ""page"": 161, ""chunk"": 313}, {""rank"": 10, ""page"": 174, ""chunk"": 334}]",True,1,0,2.7210546999704093,3.026710700010881,4191,190
U50-015,3,3. 시트 및 안전 장치,setting,운전석 통풍 시트가 차량 온도에 따라 자동으로 작동하도록 설정하려면 어떻게 하나요?,56,102,"[{""page"": 56, ""chunk"": 102, ""reason"": ""primary source chunk""}]",3,1,2,False,False,True,,"[{""candidate_id"": ""C01"", ""page_no"": 54, ""chunk_id"": 98}, {""candidate_id"": ""C02"", ""page_no"": 56, ""chunk_id"": 101}, {""candidate_id"": ""C03"", ""page_no"": 56, ""chunk_id"": 102}, {""candidate_id"": ""C04"", ""page_no"": 217, ""chunk_id"": 400}, {""candidate_id"": ""C05"", ""page_no"": 210, ""chunk_id"": 390}, {""candidate_id"": ""C06"", ""page_no"": 216, ""chunk_id"": 398}, {""candidate_id"": ""C07"", ""page_no"": 220, ""chunk_id"": 403}, {""candidate_id"": ""C08"", ""page_no"": 168, ""chunk_id"": 324}, {""candidate_id"": ""C09"", ""page_no"": 216, ""chunk_id"": 399}, {""candidate_id"": ""C10"", ""page_no"": 222, ""chunk_id"": 406}]","[{""rank"": 1, ""page"": 56, ""chunk"": 102}, {""rank"": 2, ""page"": 54, ""chunk"": 98}, {""rank"": 3, ""page"": 56, ""chunk"": 101}, {""rank"": 4, ""page"": 217, ""chunk"": 400}, {""rank"": 5, ""page"": 216, ""chunk"": 398}, {""rank"": 6, ""page"": 216, ""chunk"": 399}, {""rank"": 7, ""page"": 220, ""chunk"": 403}, {""rank"": 8, ""page"": 210, ""chunk"": 390}, {""rank"": 9, ""page"": 222, ""chunk"": 406}, {""rank"": 10, ""page"": 168, ""chunk"": 324}]",True,1,0,3.920168799813837,4.237958499928936,4284,244
U50-016,3,3. 시트 및 안전 장치,troubleshooting,동승석에 앉았을 때 PASSENGER AIR BAG OFF 표시등이 계속 켜져 있으면 어떻게 해야 하나요?,74,134,"[{""page"": 74, ""chunk"": 134, ""reason"": ""primary source chunk""}]",2,1,1,False,False,True,,"[{""candidate_id"": ""C01"", ""page_no"": 74, ""chunk_id"": 135}, {""candidate_id"": ""C02"", ""page_no"": 74, ""chunk_id"": 134}, {""candidate_id"": ""C03"", ""page_no"": 76, ""chunk_id"": 138}, {""candidate_id"": ""C04"", ""page_no"": 75, ""chunk_id"": 136}, {""candidate_id"": ""C05"", ""page_no"": 72, ""chunk_id"": 131}, {""candidate_id"": ""C06"", ""page_no"": 73, ""chunk_id"": 133}, {""candidate_id"": ""C07"", ""page_no"": 69, ""chunk_id"": 125}, {""candidate_id"": ""C08"", ""page_no"": 84, ""chunk_id"": 151}, {""candidate_id"": ""C09"", ""page_no"": 68, ""chunk_id"": 123}, {""candidate_id"": ""C10"", ""page_no"": 79, ""chunk_id"": 143}]","[{""rank"": 1, ""page"": 74, ""chunk"": 134}, {""rank"": 2, ""page"": 74, ""chunk"": 135}, {""rank"": 3, ""page"": 75, ""chunk"": 136}, {""rank"": 4, ""page"": 76, ""chunk"": 138}, {""rank"": 5, ""page"": 73, ""chunk"": 133}, {""rank"": 6, ""page"": 69, ""chunk"": 125}, {""rank"": 7, ""page"": 84, ""chunk"": 151}, {""rank"": 8, ""page"": 72, ""chunk"": 131}, {""rank"": 9, ""page"": 68, ""chunk"": 123}, {""rank"": 10, ""page"": 79, ""chunk"": 143}]",True,1,0,3.034100200049579,3.343606899958104,4122,241
U50-017,4,4. 클러스터,warning,시동 후에도 ABS 경고등이 계속 켜져 있으면 어떻게 해야 하나요?,92,163,"[{""page"": 92, ""chunk"": 163, ""reason"": ""primary source chunk""}]",5,2,3,False,False,True,,"[{""candidate_id"": ""C01"", ""page_no"": 282, ""chunk_id"": 524}, {""candidate_id"": ""C02"", ""page_no"": 93, ""chunk_id"": 164}, {""candidate_id"": ""C03"", ""page_no"": 282, ""chunk_id"": 525}, {""candidate_id"": ""C04"", ""page_no"": 282, ""chunk_id"": 523}, {""candidate_id"": ""C05"", ""page_no"": 92, ""chunk_id"": 163}, {""candidate_id"": ""C06"", ""page_no"": 413, ""chunk_id"": 775}, {""candidate_id"": ""C07"", ""page_no"": 426, ""chunk_id"": 802}, {""candidate_id"": ""C08"", ""page_no"": 286, ""chunk_id"": 534}, {""candidate_id"": ""C09"", ""page_no"": 336, ""chunk_id"": 640}, {""candidate_id"": ""C10"", ""page_no"": 393, ""chunk_id"": 738}]","[{""rank"": 1, ""page"": 93, ""chunk"": 164}, {""rank"": 2, ""page"": 92, ""chunk"": 163}, {""rank"": 3, ""page"": 282, ""chunk"": 524}, {""rank"": 4, ""page"": 282, ""chunk"": 525}, {""rank"": 5, ""page"": 426, ""chunk"": 802}, {""rank"": 6, ""page"": 282, ""chunk"": 523}, {""rank"": 7, ""page"": 286, ""chunk"": 534}, {""rank"": 8, ""page"": 413, ""chunk"": 775}, {""rank"": 9, ""page"": 336, ""chunk"": 640}, {""rank"": 10, ""page"": 393, ""chunk"": 738}]",True,1,0,2.8710272000171244,3.382100900169462,5058,241
U50-018,4,4. 클러스터,condition,등록된 디지털 키를 무선 충전기에 올려놓으라는 경고는 어떤 상황에서 나타나나요?,101,181,"[{""page"": 101, ""chunk"": 181, ""reason"": ""primary source chunk""}]",1,1,0,False,False,True,,"[{""candidate_id"": ""C01"", ""page_no"": 101, ""chunk_id"": 181}, {""candidate_id"": ""C02"", ""page_no"": 101, ""chunk_id"": 180}, {""candidate_id"": ""C03"", ""page_no"": 135, ""chunk_id"": 265}, {""candidate_id"": ""C04"", ""page_no"": 131, ""chunk_id"": 256}, {""candidate_id"": ""C05"", ""page_no"": 238, ""chunk_id"": 433}, {""candidate_id"": ""C06"", ""page_no"": 100, ""chunk_id"": 177}, {""candidate_id"": ""C07"", ""page_no"": 127, ""chunk_id"": 250}, {""candidate_id"": ""C08"", ""page_no"": 127, ""chunk_id"": 249}, {""candidate_id"": ""C09"", ""page_no"": 141, ""chunk_id"": 277}, {""candidate_id"": ""C10"", ""page_no"": 120, ""chunk_id"": 235}]","[{""rank"": 1, ""page"": 101, ""chunk"": 181}, {""rank"": 2, ""page"": 101, ""chunk"": 180}, {""rank"": 3, ""page"": 100, ""chunk"": 177}, {""rank"": 4, ""page"": 127, ""chunk"": 250}, {""rank"": 5, ""page"": 127, ""chunk"": 249}, {""rank"": 6, ""page"": 131, ""chunk"": 256}, {""rank"": 7, ""page"": 238, ""chunk"": 433}, {""rank"": 8, ""page"": 135, ""chunk"": 265}, {""rank"": 9, ""page"": 120, ""chunk"": 235}, {""rank"": 10, ""page"": 141, ""chunk"": 277}]",True,1,0,4.373259600019082,4.683900299947709,4036,348
U50-019,4,4. 클러스터,troubleshooting,주행 중 엔진 오일 압력 경고등이 켜지면 우선 어떤 조치를 해야 하나요?,94,166,"[{""page"": 94, ""chunk"": 166, ""reason"": ""primary source chunk""}]",1,1,0,False,False,True,,"[{""candidate_id"": ""C01"", ""page_no"": 94, ""chunk_id"": 166}, {""candidate_id"": ""C02"", ""page_no"": 27, ""chunk_id"": 47}, {""candidate_id"": ""C03"", ""page_no"": 465, ""chunk_id"": 870}, {""candidate_id"": ""C04"", ""page_no"": 94, ""chunk_id"": 167}, {""candidate_id"": ""C05"", ""page_no"": 425, ""chunk_id"": 797}, {""candidate_id"": ""C06"", ""page_no"": 93, ""chunk_id"": 164}, {""candidate_id"": ""C07"", ""page_no"": 425, ""chunk_id"": 796}, {""candidate_id"": ""C08"", ""page_no"": 426, ""chunk_id"": 802}, {""candidate_id"": ""C09"", ""page_no"": 463, ""chunk_id"": 866}, {""candidate_id"": ""C10"", ""page_no"": 101, ""chunk_id"": 180}]","[{""rank"": 1, ""page"": 94, ""chunk"": 166}, {""rank"": 2, ""page"": 465, ""chunk"": 870}, {""rank"": 3, ""page"": 463, ""chunk"": 866}, {""rank"": 4, ""page"": 426, ""chunk"": 802}, {""rank"": 5, ""page"": 94, ""chunk"": 167}, {""rank"": 6, ""page"": 93, ""chunk"": 164}, {""rank"": 7, ""page"": 27, ""chunk"": 47}, {""rank"": 8, ""page"": 425, ""chunk"": 797}, {""rank"": 9, ""page"": 425, ""chunk"": 796}, {""rank"": 10, ""page"": 101, ""chunk"": 180}]",True,1,0,3.636148300021887,3.959846599958837,4133,284
U50-020,4,4. 클러스터,feature,외기 온도 표시 단위를 변경하면 공조 장치의 온도 단위도 함께 바뀌나요?,89,158,"[{""page"": 89, ""chunk"": 158, ""reason"": ""primary source chunk""}, {""page"": 89, ""chunk"": 157, ""reason"": ""same grounding quote repeats in adjacent overlapping chunk""}]",1,1,0,False,False,True,,"[{""candidate_id"": ""C01"", ""page_no"": 89, ""chunk_id"": 158}, {""candidate_id"": ""C02"", ""page_no"": 89, ""chunk_id"": 157}, {""candidate_id"": ""C03"", ""page_no"": 112, ""chunk_id"": 214}, {""candidate_id"": ""C04"", ""page_no"": 222, ""chunk_id"": 406}, {""candidate_id"": ""C05"", ""page_no"": 219, ""chunk_id"": 402}, {""candidate_id"": ""C06"", ""page_no"": 220, ""chunk_id"": 403}, {""candidate_id"": ""C07"", ""page_no"": 211, ""chunk_id"": 391}, {""candidate_id"": ""C08"", ""page_no"": 223, ""chunk_id"": 407}, {""candidate_id"": ""C09"", ""page_no"": 56, ""chunk_id"": 102}, {""candidate_id"": ""C10"", ""page_no"": 217, ""chunk_id"": 400}]","[{""rank"": 1, ""page"": 89, ""chunk"": 157}, {""rank"": 2, ""page"": 89, ""chunk"": 158}, {""rank"": 3, ""page"": 219, ""chunk"": 402}, {""rank"": 4, ""page"": 217, ""chunk"": 400}, {""rank"": 5, ""page"": 220, ""chunk"": 403}, {""rank"": 6, ""page"": 211, ""chunk"": 391}, {""rank"": 7, ""page"": 112, ""chunk"": 214}, {""rank"": 8, ""page"": 222, ""chunk"": 406}, {""rank"": 9, ""page"": 223, ""chunk"": 407}, {""rank"": 10, ""page"": 56, ""chunk"": 102}]",True,1,0,4.510212500113994,4.84851979999803,4069,350
U50-021,4,4. 클러스터,procedure,인포테인먼트 시스템에서 차량 설정을 변경하려면 어떤 메뉴로 들어가야 하나요?,107,188,"[{""page"": 107, ""chunk"": 188, ""reason"": ""primary source chunk""}]",3,1,2,False,False,True,,"[{""candidate_id"": ""C01"", ""page_no"": 42, ""chunk_id"": 82}, {""candidate_id"": ""C02"", ""page_no"": 130, ""chunk_id"": 255}, {""candidate_id"": ""C03"", ""page_no"": 107, ""chunk_id"": 188}, {""candidate_id"": ""C04"", ""page_no"": 294, ""chunk_id"": 551}, {""candidate_id"": ""C05"", ""page_no"": 85, ""chunk_id"": 153}, {""candidate_id"": ""C06"", ""page_no"": 505, ""chunk_id"": 940}, {""candidate_id"": ""C07"", ""page_no"": 87, ""chunk_id"": 155}, {""candidate_id"": ""C08"", ""page_no"": 132, ""chunk_id"": 258}, {""candidate_id"": ""C09"", ""page_no"": 242, ""chunk_id"": 440}, {""candidate_id"": ""C10"", ""page_no"": 133, ""chunk_id"": 260}]","[{""rank"": 1, ""page"": 107, ""chunk"": 188}, {""rank"": 2, ""page"": 85, ""chunk"": 153}, {""rank"": 3, ""page"": 130, ""chunk"": 255}, {""rank"": 4, ""page"": 42, ""chunk"": 82}, {""rank"": 5, ""page"": 294, ""chunk"": 551}, {""rank"": 6, ""page"": 87, ""chunk"": 155}, {""rank"": 7, ""page"": 505, ""chunk"": 940}, {""rank"": 8, ""page"": 132, ""chunk"": 258}, {""rank"": 9, ""page"": 133, ""chunk"": 260}, {""rank"": 10, ""page"": 242, ""chunk"": 440}]",True,1,0,3.945591599913314,4.257196000078693,4182,352
U50-022,5,5. 편의 장치,troubleshooting,하이패스 LED가 빨간색으로 계속 깜빡이고 점검 안내 음성이 나오면 어떻게 해야 하나요?,153,300,"[{""page"": 153, ""chunk"": 300, ""reason"": ""primary source chunk""}, {""page"": 153, ""chunk"": 299, ""reason"": ""same grounding quote repeats in adjacent overlapping chunk""}]",1,1,0,False,False,True,,"[{""candidate_id"": ""C01"", ""page_no"": 153, ""chunk_id"": 300}, {""candidate_id"": ""C02"", ""page_no"": 153, ""chunk_id"": 299}, {""candidate_id"": ""C03"", ""page_no"": 387, ""chunk_id"": 726}, {""candidate_id"": ""C04"", ""page_no"": 97, ""chunk_id"": 172}, {""candidate_id"": ""C05"", ""page_no"": 392, ""chunk_id"": 736}, {""candidate_id"": ""C06"", ""page_no"": 97, ""chunk_id"": 173}, {""candidate_id"": ""C07"", ""page_no"": 92, ""chunk_id"": 162}, {""candidate_id"": ""C08"", ""page_no"": 408, ""chunk_id"": 766}, {""candidate_id"": ""C09"", ""page_no"": 387, ""chunk_id"": 725}, {""candidate_id"": ""C10"", ""page_no"": 418, ""chunk_id"": 784}]","[{""rank"": 1, ""page"": 153, ""chunk"": 300}, {""rank"": 2, ""page"": 153, ""chunk"": 299}, {""rank"": 3, ""page"": 387, ""chunk"": 726}, {""rank"": 4, ""page"": 387, ""chunk"": 725}, {""rank"": 5, ""page"": 97, ""chunk"": 173}, {""rank"": 6, ""page"": 418, ""chunk"": 784}, {""rank"": 7, ""page"": 97, ""chunk"": 172}, {""rank"": 8, ""page"": 392, ""chunk"": 736}, {""rank"": 9, ""page"": 92, ""chunk"": 162}, {""rank"": 10, ""page"": 408, ""chunk"": 766}]",True,1,0,3.157381400000304,3.474659299943596,4135,258
U50-023,5,5. 편의 장치,procedure,빌트인 캠의 SD 메모리를 안전하게 제거하려면 어떤 절차를 거쳐야 하나요?,181,345,"[{""page"": 181, ""chunk"": 345, ""reason"": ""primary source chunk""}]",1,1,0,False,False,True,,"[{""candidate_id"": ""C01"", ""page_no"": 181, ""chunk_id"": 345}, {""candidate_id"": ""C02"", ""page_no"": 183, ""chunk_id"": 349}, {""candidate_id"": ""C03"", ""page_no"": 188, ""chunk_id"": 357}, {""candidate_id"": ""C04"", ""page_no"": 111, ""chunk_id"": 206}, {""candidate_id"": ""C05"", ""page_no"": 182, ""chunk_id"": 346}, {""candidate_id"": ""C06"", ""page_no"": 164, ""chunk_id"": 317}, {""candidate_id"": ""C07"", ""page_no"": 61, ""chunk_id"": 112}, {""candidate_id"": ""C08"", ""page_no"": 423, ""chunk_id"": 793}, {""candidate_id"": ""C09"", ""page_no"": 170, ""chunk_id"": 327}, {""candidate_id"": ""C10"", ""page_no"": 166, ""chunk_id"": 322}]","[{""rank"": 1, ""page"": 181, ""chunk"": 345}, {""rank"": 2, ""page"": 182, ""chunk"": 346}, {""rank"": 3, ""page"": 183, ""chunk"": 349}, {""rank"": 4, ""page"": 188, ""chunk"": 357}, {""rank"": 5, ""page"": 111, ""chunk"": 206}, {""rank"": 6, ""page"": 164, ""chunk"": 317}, {""rank"": 7, ""page"": 61, ""chunk"": 112}, {""rank"": 8, ""page"": 423, ""chunk"": 793}, {""rank"": 9, ""page"": 170, ""chunk"": 327}, {""rank"": 10, ""page"": 166, ""chunk"": 322}]",True,1,0,2.4175239000469446,2.714486700017005,4448,201
U50-024,5,5. 편의 장치,procedure,실내 인증 패드를 이용해 NFC 카드 키를 등록하려면 어떻게 해야 하나요?,126,248,"[{""page"": 126, ""chunk"": 248, ""reason"": ""primary source chunk""}]",1,1,0,False,False,True,,"[{""candidate_id"": ""C01"", ""page_no"": 126, ""chunk_id"": 248}, {""candidate_id"": ""C02"", ""page_no"": 131, ""chunk_id"": 257}, {""candidate_id"": ""C03"", ""page_no"": 122, ""chunk_id"": 238}, {""candidate_id"": ""C04"", ""page_no"": 128, ""chunk_id"": 251}, {""candidate_id"": ""C05"", ""page_no"": 126, ""chunk_id"": 247}, {""candidate_id"": ""C06"", ""page_no"": 127, ""chunk_id"": 249}, {""candidate_id"": ""C07"", ""page_no"": 127, ""chunk_id"": 250}, {""candidate_id"": ""C08"", ""page_no"": 121, ""chunk_id"": 237}, {""candidate_id"": ""C09"", ""page_no"": 123, ""chunk_id"": 240}, {""candidate_id"": ""C10"", ""page_no"": 123, ""chunk_id"": 241}]","[{""rank"": 1, ""page"": 126, ""chunk"": 248}, {""rank"": 2, ""page"": 126, ""chunk"": 247}, {""rank"": 3, ""page"": 127, ""chunk"": 249}, {""rank"": 4, ""page"": 128, ""chunk"": 251}, {""rank"": 5, ""page"": 127, ""chunk"": 250}, {""rank"": 6, ""page"": 122, ""chunk"": 238}, {""rank"": 7, ""page"": 131, ""chunk"": 257}, {""rank"": 8, ""page"": 121, ""chunk"": 237}, {""rank"": 9, ""page"": 123, ""chunk"": 240}, {""rank"": 10, ""page"": 123, ""chunk"": 241}]",True,1,0,3.214078800054267,3.5730266999453306,4241,267
U50-025,5,5. 편의 장치,procedure,하이패스 시스템의 등록 정보를 음성으로 확인하려면 어떤 버튼을 조작해야 하나요?,155,302,"[{""page"": 155, ""chunk"": 302, ""reason"": ""primary source chunk""}]",1,1,0,False,False,True,,"[{""candidate_id"": ""C01"", ""page_no"": 155, ""chunk_id"": 302}, {""candidate_id"": ""C02"", ""page_no"": 152, ""chunk_id"": 296}, {""candidate_id"": ""C03"", ""page_no"": 154, ""chunk_id"": 301}, {""candidate_id"": ""C04"", ""page_no"": 14, ""chunk_id"": 26}, {""candidate_id"": ""C05"", ""page_no"": 152, ""chunk_id"": 297}, {""candidate_id"": ""C06"", ""page_no"": 153, ""chunk_id"": 300}, {""candidate_id"": ""C07"", ""page_no"": 143, ""chunk_id"": 281}, {""candidate_id"": ""C08"", ""page_no"": 111, ""chunk_id"": 209}, {""candidate_id"": ""C09"", ""page_no"": 102, ""chunk_id"": 182}, {""candidate_id"": ""C10"", ""page_no"": 126, ""chunk_id"": 248}]","[{""rank"": 1, ""page"": 155, ""chunk"": 302}, {""rank"": 2, ""page"": 154, ""chunk"": 301}, {""rank"": 3, ""page"": 152, ""chunk"": 296}, {""rank"": 4, ""page"": 152, ""chunk"": 297}, {""rank"": 5, ""page"": 153, ""chunk"": 300}, {""rank"": 6, ""page"": 14, ""chunk"": 26}, {""rank"": 7, ""page"": 143, ""chunk"": 281}, {""rank"": 8, ""page"": 111, ""chunk"": 209}, {""rank"": 9, ""page"": 102, ""chunk"": 182}, {""rank"": 10, ""page"": 126, ""chunk"": 248}]",True,1,0,3.2358023999258876,3.4922952000051737,3144,250
U50-026,5,5. 편의 장치,condition,선루프는 어떤 상황에서 초기화해야 하나요?,162,315,"[{""page"": 162, ""chunk"": 315, ""reason"": ""primary source chunk""}, {""page"": 162, ""chunk"": 314, ""reason"": ""same grounding quote repeats in adjacent overlapping chunk""}]",1,1,0,False,False,True,,"[{""candidate_id"": ""C01"", ""page_no"": 162, ""chunk_id"": 315}, {""candidate_id"": ""C02"", ""page_no"": 162, ""chunk_id"": 314}, {""candidate_id"": ""C03"", ""page_no"": 110, ""chunk_id"": 200}, {""candidate_id"": ""C04"", ""page_no"": 160, ""chunk_id"": 310}, {""candidate_id"": ""C05"", ""page_no"": 144, ""chunk_id"": 283}, {""candidate_id"": ""C06"", ""page_no"": 487, ""chunk_id"": 907}, {""candidate_id"": ""C07"", ""page_no"": 163, ""chunk_id"": 316}, {""candidate_id"": ""C08"", ""page_no"": 161, ""chunk_id"": 313}, {""candidate_id"": ""C09"", ""page_no"": 8, ""chunk_id"": 13}, {""candidate_id"": ""C10"", ""page_no"": 477, ""chunk_id"": 889}]","[{""rank"": 1, ""page"": 162, ""chunk"": 315}, {""rank"": 2, ""page"": 162, ""chunk"": 314}, {""rank"": 3, ""page"": 477, ""chunk"": 889}, {""rank"": 4, ""page"": 110, ""chunk"": 200}, {""rank"": 5, ""page"": 160, ""chunk"": 310}, {""rank"": 6, ""page"": 163, ""chunk"": 316}, {""rank"": 7, ""page"": 161, ""chunk"": 313}, {""rank"": 8, ""page"": 8, ""chunk"": 13}, {""rank"": 9, ""page"": 144, ""chunk"": 283}, {""rank"": 10, ""page"": 487, ""chunk"": 907}]",True,1,0,4.487830499885604,4.811750299995765,3815,387
U50-027,5,5. 편의 장치,feature,빌트인 캠으로 녹화된 영상을 확인하려면 인포테인먼트 시스템에서 무엇을 선택해야 하나요?,184,350,"[{""page"": 184, ""chunk"": 350, ""reason"": ""primary source chunk""}]",1,1,0,False,False,True,,"[{""candidate_id"": ""C01"", ""page_no"": 184, ""chunk_id"": 350}, {""candidate_id"": ""C02"", ""page_no"": 178, ""chunk_id"": 340}, {""candidate_id"": ""C03"", ""page_no"": 111, ""chunk_id"": 205}, {""candidate_id"": ""C04"", ""page_no"": 111, ""chunk_id"": 206}, {""candidate_id"": ""C05"", ""page_no"": 188, ""chunk_id"": 357}, {""candidate_id"": ""C06"", ""page_no"": 186, ""chunk_id"": 353}, {""candidate_id"": ""C07"", ""page_no"": 177, ""chunk_id"": 339}, {""candidate_id"": ""C08"", ""page_no"": 185, ""chunk_id"": 351}, {""candidate_id"": ""C09"", ""page_no"": 183, ""chunk_id"": 348}, {""candidate_id"": ""C10"", ""page_no"": 177, ""chunk_id"": 338}]","[{""rank"": 1, ""page"": 184, ""chunk"": 350}, {""rank"": 2, ""page"": 178, ""chunk"": 340}, {""rank"": 3, ""page"": 185, ""chunk"": 351}, {""rank"": 4, ""page"": 183, ""chunk"": 348}, {""rank"": 5, ""page"": 111, ""chunk"": 206}, {""rank"": 6, ""page"": 111, ""chunk"": 205}, {""rank"": 7, ""page"": 177, ""chunk"": 339}, {""rank"": 8, ""page"": 177, ""chunk"": 338}, {""rank"": 9, ""page"": 186, ""chunk"": 353}, {""rank"": 10, ""page"": 188, ""chunk"": 357}]",True,1,0,2.8665096000768244,3.1805569999851286,4036,217
U50-028,6,6. 시동 및 주행,condition,"초기 약 1,500km 동안 저속에서 가속할 때 변속이 매끄럽지 않으면 이상인가요?",266,494,"[{""page"": 266, ""chunk"": 494, ""reason"": ""primary source chunk""}]",1,1,0,False,False,True,,"[{""candidate_id"": ""C01"", ""page_no"": 266, ""chunk_id"": 494}, {""candidate_id"": ""C02"", ""page_no"": 266, ""chunk_id"": 493}, {""candidate_id"": ""C03"", ""page_no"": 258, ""chunk_id"": 478}, {""candidate_id"": ""C04"", ""page_no"": 259, ""chunk_id"": 481}, {""candidate_id"": ""C05"", ""page_no"": 264, ""chunk_id"": 490}, {""candidate_id"": ""C06"", ""page_no"": 444, ""chunk_id"": 834}, {""candidate_id"": ""C07"", ""page_no"": 273, ""chunk_id"": 506}, {""candidate_id"": ""C08"", ""page_no"": 293, ""chunk_id"": 548}, {""candidate_id"": ""C09"", ""page_no"": 263, ""chunk_id"": 486}, {""candidate_id"": ""C10"", ""page_no"": 263, ""chunk_id"": 487}]","[{""rank"": 1, ""page"": 266, ""chunk"": 494}, {""rank"": 2, ""page"": 266, ""chunk"": 493}, {""rank"": 3, ""page"": 264, ""chunk"": 490}, {""rank"": 4, ""page"": 273, ""chunk"": 506}, {""rank"": 5, ""page"": 263, ""chunk"": 487}, {""rank"": 6, ""page"": 263, ""chunk"": 486}, {""rank"": 7, ""page"": 259, ""chunk"": 481}, {""rank"": 8, ""page"": 258, ""chunk"": 478}, {""rank"": 9, ""page"": 293, ""chunk"": 548}, {""rank"": 10, ""page"": 444, ""chunk"": 834}]",True,1,0,3.228921700036153,3.5424397999886423,4242,227
U50-029,6,6. 시동 및 주행,condition,전방 차량을 감지하기 어려울 수 있는 상황에는 어떤 경우가 있나요?,292,546,"[{""page"": 292, ""chunk"": 546, ""reason"": ""primary source chunk""}]",1,2,-1,False,False,True,,"[{""candidate_id"": ""C01"", ""page_no"": 292, ""chunk_id"": 546}, {""candidate_id"": ""C02"", ""page_no"": 369, ""chunk_id"": 695}, {""candidate_id"": ""C03"", ""page_no"": 309, ""chunk_id"": 595}, {""candidate_id"": ""C04"", ""page_no"": 325, ""chunk_id"": 621}, {""candidate_id"": ""C05"", ""page_no"": 355, ""chunk_id"": 670}, {""candidate_id"": ""C06"", ""page_no"": 312, ""chunk_id"": 599}, {""candidate_id"": ""C07"", ""page_no"": 309, ""chunk_id"": 594}, {""candidate_id"": ""C08"", ""page_no"": 295, ""chunk_id"": 553}, {""candidate_id"": ""C09"", ""page_no"": 322, ""chunk_id"": 617}, {""candidate_id"": ""C10"", ""page_no"": 413, ""chunk_id"": 774}]","[{""rank"": 1, ""page"": 309, ""chunk"": 594}, {""rank"": 2, ""page"": 292, ""chunk"": 546}, {""rank"": 3, ""page"": 309, ""chunk"": 595}, {""rank"": 4, ""page"": 369, ""chunk"": 695}, {""rank"": 5, ""page"": 322, ""chunk"": 617}, {""rank"": 6, ""page"": 312, ""chunk"": 599}, {""rank"": 7, ""page"": 325, ""chunk"": 621}, {""rank"": 8, ""page"": 355, ""chunk"": 670}, {""rank"": 9, ""page"": 295, ""chunk"": 553}, {""rank"": 10, ""page"": 413, ""chunk"": 774}]",True,1,0,3.855491900118068,4.1515500000678,4540,305
U50-030,6,6. 시동 및 주행,feature,변속 잠금 장치의 목적은 무엇인가요?,269,500,"[{""page"": 269, ""chunk"": 500, ""reason"": ""primary source chunk""}]",,,,True,False,True,,"[{""candidate_id"": ""C01"", ""page_no"": 138, ""chunk_id"": 270}, {""candidate_id"": ""C02"", ""page_no"": 109, ""chunk_id"": 194}, {""candidate_id"": ""C03"", ""page_no"": 136, ""chunk_id"": 266}, {""candidate_id"": ""C04"", ""page_no"": 116, ""chunk_id"": 225}, {""candidate_id"": ""C05"", ""page_no"": 148, ""chunk_id"": 289}, {""candidate_id"": ""C06"", ""page_no"": 148, ""chunk_id"": 290}, {""candidate_id"": ""C07"", ""page_no"": 142, ""chunk_id"": 278}, {""candidate_id"": ""C08"", ""page_no"": 115, ""chunk_id"": 224}, {""candidate_id"": ""C09"", ""page_no"": 115, ""chunk_id"": 223}, {""candidate_id"": ""C10"", ""page_no"": 240, ""chunk_id"": 436}]","[{""rank"": 1, ""page"": 138, ""chunk"": 270}, {""rank"": 2, ""page"": 240, ""chunk"": 436}, {""rank"": 3, ""page"": 115, ""chunk"": 223}, {""rank"": 4, ""page"": 109, ""chunk"": 194}, {""rank"": 5, ""page"": 136, ""chunk"": 266}, {""rank"": 6, ""page"": 116, ""chunk"": 225}, {""rank"": 7, ""page"": 115, ""chunk"": 224}, {""rank"": 8, ""page"": 142, ""chunk"": 278}, {""rank"": 9, ""page"": 148, ""chunk"": 289}, {""rank"": 10, ""page"": 148, ""chunk"": 290}]",True,1,0,4.509225499816239,4.833332800073549,4586,375
U50-031,6,6. 시동 및 주행,warning,가로등이 없는 어두운 길을 운전할 때 어떻게 주행해야 하나요?,296,557,"[{""page"": 296, ""chunk"": 557, ""reason"": ""primary source chunk""}, {""page"": 296, ""chunk"": 556, ""reason"": ""same grounding quote repeats in adjacent overlapping chunk""}]",4,1,3,False,False,True,,"[{""candidate_id"": ""C01"", ""page_no"": 375, ""chunk_id"": 705}, {""candidate_id"": ""C02"", ""page_no"": 323, ""chunk_id"": 619}, {""candidate_id"": ""C03"", ""page_no"": 384, ""chunk_id"": 720}, {""candidate_id"": ""C04"", ""page_no"": 296, ""chunk_id"": 557}, {""candidate_id"": ""C05"", ""page_no"": 350, ""chunk_id"": 663}, {""candidate_id"": ""C06"", ""page_no"": 310, ""chunk_id"": 597}, {""candidate_id"": ""C07"", ""page_no"": 325, ""chunk_id"": 621}, {""candidate_id"": ""C08"", ""page_no"": 383, ""chunk_id"": 718}, {""candidate_id"": ""C09"", ""page_no"": 295, ""chunk_id"": 553}, {""candidate_id"": ""C10"", ""page_no"": 339, ""chunk_id"": 646}]","[{""rank"": 1, ""page"": 296, ""chunk"": 557}, {""rank"": 2, ""page"": 350, ""chunk"": 663}, {""rank"": 3, ""page"": 295, ""chunk"": 553}, {""rank"": 4, ""page"": 323, ""chunk"": 619}, {""rank"": 5, ""page"": 310, ""chunk"": 597}, {""rank"": 6, ""page"": 325, ""chunk"": 621}, {""rank"": 7, ""page"": 339, ""chunk"": 646}, {""rank"": 8, ""page"": 384, ""chunk"": 720}, {""rank"": 9, ""page"": 383, ""chunk"": 718}, {""rank"": 10, ""page"": 375, ""chunk"": 705}]",True,1,0,3.3932922000531107,3.6982411998324096,4288,224
U50-032,6,6. 시동 및 주행,procedure,LPI 엔진은 시동 대기 표시등이 켜진 뒤 어떻게 시동을 걸어야 하나요?,248,460,"[{""page"": 248, ""chunk"": 460, ""reason"": ""primary source chunk""}]",4,1,3,False,False,True,,"[{""candidate_id"": ""C01"", ""page_no"": 425, ""chunk_id"": 798}, {""candidate_id"": ""C02"", ""page_no"": 7, ""chunk_id"": 10}, {""candidate_id"": ""C03"", ""page_no"": 175, ""chunk_id"": 336}, {""candidate_id"": ""C04"", ""page_no"": 248, ""chunk_id"": 460}, {""candidate_id"": ""C05"", ""page_no"": 248, ""chunk_id"": 461}, {""candidate_id"": ""C06"", ""page_no"": 425, ""chunk_id"": 797}, {""candidate_id"": ""C07"", ""page_no"": 290, ""chunk_id"": 541}, {""candidate_id"": ""C08"", ""page_no"": 100, ""chunk_id"": 178}, {""candidate_id"": ""C09"", ""page_no"": 28, ""chunk_id"": 51}, {""candidate_id"": ""C10"", ""page_no"": 465, ""chunk_id"": 870}]","[{""rank"": 1, ""page"": 248, ""chunk"": 460}, {""rank"": 2, ""page"": 248, ""chunk"": 461}, {""rank"": 3, ""page"": 100, ""chunk"": 178}, {""rank"": 4, ""page"": 175, ""chunk"": 336}, {""rank"": 5, ""page"": 7, ""chunk"": 10}, {""rank"": 6, ""page"": 28, ""chunk"": 51}, {""rank"": 7, ""page"": 425, ""chunk"": 798}, {""rank"": 8, ""page"": 425, ""chunk"": 797}, {""rank"": 9, ""page"": 290, ""chunk"": 541}, {""rank"": 10, ""page"": 465, ""chunk"": 870}]",True,1,0,2.859671900048852,3.1115093000698835,2955,231
U50-033,6,6. 시동 및 주행,setting,SPORT 또는 SPORT+ 모드에서 시동을 껐다가 다시 걸면 어떤 주행 모드로 바뀌나요?,293,548,"[{""page"": 293, ""chunk"": 548, ""reason"": ""primary source chunk""}]",4,1,3,False,False,True,,"[{""candidate_id"": ""C01"", ""page_no"": 293, ""chunk_id"": 547}, {""candidate_id"": ""C02"", ""page_no"": 294, ""chunk_id"": 549}, {""candidate_id"": ""C03"", ""page_no"": 391, ""chunk_id"": 734}, {""candidate_id"": ""C04"", ""page_no"": 293, ""chunk_id"": 548}, {""candidate_id"": ""C05"", ""page_no"": 294, ""chunk_id"": 550}, {""candidate_id"": ""C06"", ""page_no"": 246, ""chunk_id"": 454}, {""candidate_id"": ""C07"", ""page_no"": 391, ""chunk_id"": 733}, {""candidate_id"": ""C08"", ""page_no"": 268, ""chunk_id"": 497}, {""candidate_id"": ""C09"", ""page_no"": 252, ""chunk_id"": 468}, {""candidate_id"": ""C10"", ""page_no"": 254, ""chunk_id"": 471}]","[{""rank"": 1, ""page"": 293, ""chunk"": 548}, {""rank"": 2, ""page"": 293, ""chunk"": 547}, {""rank"": 3, ""page"": 294, ""chunk"": 549}, {""rank"": 4, ""page"": 294, ""chunk"": 550}, {""rank"": 5, ""page"": 252, ""chunk"": 468}, {""rank"": 6, ""page"": 254, ""chunk"": 471}, {""rank"": 7, ""page"": 268, ""chunk"": 497}, {""rank"": 8, ""page"": 246, ""chunk"": 454}, {""rank"": 9, ""page"": 391, ""chunk"": 734}, {""rank"": 10, ""page"": 391, ""chunk"": 733}]",True,1,0,2.51531199994497,2.8221155998762697,4240,201
U50-034,7,7. 운전자 보조,warning,짐칸이나 기타 장비를 사용할 때 후측방 충돌방지 보조는 어떻게 해야 하나요?,337,643,"[{""page"": 337, ""chunk"": 643, ""reason"": ""primary source chunk""}, {""page"": 337, ""chunk"": 642, ""reason"": ""same grounding quote repeats in adjacent overlapping chunk""}]",1,1,0,False,False,True,,"[{""candidate_id"": ""C01"", ""page_no"": 337, ""chunk_id"": 643}, {""candidate_id"": ""C02"", ""page_no"": 397, ""chunk_id"": 745}, {""candidate_id"": ""C03"", ""page_no"": 81, ""chunk_id"": 146}, {""candidate_id"": ""C04"", ""page_no"": 335, ""chunk_id"": 639}, {""candidate_id"": ""C05"", ""page_no"": 333, ""chunk_id"": 635}, {""candidate_id"": ""C06"", ""page_no"": 338, ""chunk_id"": 644}, {""candidate_id"": ""C07"", ""page_no"": 337, ""chunk_id"": 642}, {""candidate_id"": ""C08"", ""page_no"": 301, ""chunk_id"": 570}, {""candidate_id"": ""C09"", ""page_no"": 43, ""chunk_id"": 84}, {""candidate_id"": ""C10"", ""page_no"": 413, ""chunk_id"": 775}]","[{""rank"": 1, ""page"": 337, ""chunk"": 642}, {""rank"": 2, ""page"": 337, ""chunk"": 643}, {""rank"": 3, ""page"": 338, ""chunk"": 644}, {""rank"": 4, ""page"": 397, ""chunk"": 745}, {""rank"": 5, ""page"": 333, ""chunk"": 635}, {""rank"": 6, ""page"": 335, ""chunk"": 639}, {""rank"": 7, ""page"": 301, ""chunk"": 570}, {""rank"": 8, ""page"": 413, ""chunk"": 775}, {""rank"": 9, ""page"": 81, ""chunk"": 146}, {""rank"": 10, ""page"": 43, ""chunk"": 84}]",True,1,0,3.3690255000256,3.673282500123605,4064,238
U50-035,7,7. 운전자 보조,procedure,"차로 이탈방지 보조를 켜거나 끄려면 어떤 조작을 해야 하며, 상태는 어떻게 표시되나요?",328,626,"[{""page"": 328, ""chunk"": 626, ""reason"": ""primary source chunk""}]",4,1,3,False,False,True,,"[{""candidate_id"": ""C01"", ""page_no"": 330, ""chunk_id"": 630}, {""candidate_id"": ""C02"", ""page_no"": 331, ""chunk_id"": 632}, {""candidate_id"": ""C03"", ""page_no"": 301, ""chunk_id"": 570}, {""candidate_id"": ""C04"", ""page_no"": 328, ""chunk_id"": 626}, {""candidate_id"": ""C05"", ""page_no"": 301, ""chunk_id"": 569}, {""candidate_id"": ""C06"", ""page_no"": 330, ""chunk_id"": 629}, {""candidate_id"": ""C07"", ""page_no"": 329, ""chunk_id"": 628}, {""candidate_id"": ""C08"", ""page_no"": 331, ""chunk_id"": 631}, {""candidate_id"": ""C09"", ""page_no"": 397, ""chunk_id"": 745}, {""candidate_id"": ""C10"", ""page_no"": 327, ""chunk_id"": 624}]","[{""rank"": 1, ""page"": 328, ""chunk"": 626}, {""rank"": 2, ""page"": 327, ""chunk"": 624}, {""rank"": 3, ""page"": 330, ""chunk"": 629}, {""rank"": 4, ""page"": 331, ""chunk"": 632}, {""rank"": 5, ""page"": 330, ""chunk"": 630}, {""rank"": 6, ""page"": 331, ""chunk"": 631}, {""rank"": 7, ""page"": 329, ""chunk"": 628}, {""rank"": 8, ""page"": 301, ""chunk"": 569}, {""rank"": 9, ""page"": 301, ""chunk"": 570}, {""rank"": 10, ""page"": 397, ""chunk"": 745}]",True,1,0,2.7486314000561833,3.089613900054246,3829,235
U50-036,7,7. 운전자 보조,condition,크루즈 컨트롤은 어느 속도 범위에서 설정할 수 있나요?,357,673,"[{""page"": 357, ""chunk"": 673, ""reason"": ""primary source chunk""}]",,,,True,False,True,,"[{""candidate_id"": ""C01"", ""page_no"": 376, ""chunk_id"": 708}, {""candidate_id"": ""C02"", ""page_no"": 359, ""chunk_id"": 676}, {""candidate_id"": ""C03"", ""page_no"": 363, ""chunk_id"": 683}, {""candidate_id"": ""C04"", ""page_no"": 359, ""chunk_id"": 675}, {""candidate_id"": ""C05"", ""page_no"": 358, ""chunk_id"": 674}, {""candidate_id"": ""C06"", ""page_no"": 365, ""chunk_id"": 685}, {""candidate_id"": ""C07"", ""page_no"": 367, ""chunk_id"": 690}, {""candidate_id"": ""C08"", ""page_no"": 364, ""chunk_id"": 684}, {""candidate_id"": ""C09"", ""page_no"": 357, ""chunk_id"": 672}, {""candidate_id"": ""C10"", ""page_no"": 376, ""chunk_id"": 707}]","[{""rank"": 1, ""page"": 358, ""chunk"": 674}, {""rank"": 2, ""page"": 357, ""chunk"": 672}, {""rank"": 3, ""page"": 363, ""chunk"": 683}, {""rank"": 4, ""page"": 359, ""chunk"": 675}, {""rank"": 5, ""page"": 359, ""chunk"": 676}, {""rank"": 6, ""page"": 364, ""chunk"": 684}, {""rank"": 7, ""page"": 376, ""chunk"": 708}, {""rank"": 8, ""page"": 376, ""chunk"": 707}, {""rank"": 9, ""page"": 365, ""chunk"": 685}, {""rank"": 10, ""page"": 367, ""chunk"": 690}]",True,1,0,3.0467107999138534,3.355494299903512,4486,267
U50-037,7,7. 운전자 보조,feature,후방 교차 충돌방지 보조가 제동 제어를 한 뒤 정차 상태는 얼마나 유지되나요?,395,741,"[{""page"": 395, ""chunk"": 741, ""reason"": ""primary source chunk""}, {""page"": 395, ""chunk"": 740, ""reason"": ""same grounding quote repeats in adjacent overlapping chunk""}]",1,1,0,False,False,True,,"[{""candidate_id"": ""C01"", ""page_no"": 395, ""chunk_id"": 741}, {""candidate_id"": ""C02"", ""page_no"": 301, ""chunk_id"": 570}, {""candidate_id"": ""C03"", ""page_no"": 303, ""chunk_id"": 580}, {""candidate_id"": ""C04"", ""page_no"": 413, ""chunk_id"": 776}, {""candidate_id"": ""C05"", ""page_no"": 301, ""chunk_id"": 569}, {""candidate_id"": ""C06"", ""page_no"": 318, ""chunk_id"": 609}, {""candidate_id"": ""C07"", ""page_no"": 338, ""chunk_id"": 644}, {""candidate_id"": ""C08"", ""page_no"": 320, ""chunk_id"": 612}, {""candidate_id"": ""C09"", ""page_no"": 398, ""chunk_id"": 746}, {""candidate_id"": ""C10"", ""page_no"": 334, ""chunk_id"": 636}]","[{""rank"": 1, ""page"": 395, ""chunk"": 741}, {""rank"": 2, ""page"": 303, ""chunk"": 580}, {""rank"": 3, ""page"": 398, ""chunk"": 746}, {""rank"": 4, ""page"": 318, ""chunk"": 609}, {""rank"": 5, ""page"": 413, ""chunk"": 776}, {""rank"": 6, ""page"": 334, ""chunk"": 636}, {""rank"": 7, ""page"": 338, ""chunk"": 644}, {""rank"": 8, ""page"": 320, ""chunk"": 612}, {""rank"": 9, ""page"": 301, ""chunk"": 570}, {""rank"": 10, ""page"": 301, ""chunk"": 569}]",True,1,0,2.84949199995026,3.142679600045085,3830,243
U50-038,7,7. 운전자 보조,setting,저속 주행 시 주차 거리 경고가 자동으로 켜지도록 설정하려면 어디에서 조작하나요?,405,758,"[{""page"": 405, ""chunk"": 758, ""reason"": ""primary source chunk""}]",2,2,0,False,False,True,,"[{""candidate_id"": ""C01"", ""page_no"": 401, ""chunk_id"": 750}, {""candidate_id"": ""C02"", ""page_no"": 405, ""chunk_id"": 758}, {""candidate_id"": ""C03"", ""page_no"": 405, ""chunk_id"": 759}, {""candidate_id"": ""C04"", ""page_no"": 303, ""chunk_id"": 581}, {""candidate_id"": ""C05"", ""page_no"": 315, ""chunk_id"": 605}, {""candidate_id"": ""C06"", ""page_no"": 408, ""chunk_id"": 766}, {""candidate_id"": ""C07"", ""page_no"": 97, ""chunk_id"": 173}, {""candidate_id"": ""C08"", ""page_no"": 374, ""chunk_id"": 703}, {""candidate_id"": ""C09"", ""page_no"": 401, ""chunk_id"": 751}, {""candidate_id"": ""C10"", ""page_no"": 409, ""chunk_id"": 767}]","[{""rank"": 1, ""page"": 401, ""chunk"": 750}, {""rank"": 2, ""page"": 405, ""chunk"": 758}, {""rank"": 3, ""page"": 401, ""chunk"": 751}, {""rank"": 4, ""page"": 405, ""chunk"": 759}, {""rank"": 5, ""page"": 303, ""chunk"": 581}, {""rank"": 6, ""page"": 409, ""chunk"": 767}, {""rank"": 7, ""page"": 408, ""chunk"": 766}, {""rank"": 8, ""page"": 97, ""chunk"": 173}, {""rank"": 9, ""page"": 315, ""chunk"": 605}, {""rank"": 10, ""page"": 374, ""chunk"": 703}]",True,1,0,3.3694126999471337,3.6596858000848442,3260,273
U50-039,7,7. 운전자 보조,troubleshooting,차로 유지 보조에 이상이 발생했다는 경고가 표시되면 어떻게 해야 하나요?,379,712,"[{""page"": 379, ""chunk"": 712, ""reason"": ""primary source chunk""}]",2,1,1,False,False,True,,"[{""candidate_id"": ""C01"", ""page_no"": 379, ""chunk_id"": 713}, {""candidate_id"": ""C02"", ""page_no"": 379, ""chunk_id"": 712}, {""candidate_id"": ""C03"", ""page_no"": 330, ""chunk_id"": 629}, {""candidate_id"": ""C04"", ""page_no"": 342, ""chunk_id"": 649}, {""candidate_id"": ""C05"", ""page_no"": 315, ""chunk_id"": 605}, {""candidate_id"": ""C06"", ""page_no"": 330, ""chunk_id"": 630}, {""candidate_id"": ""C07"", ""page_no"": 343, ""chunk_id"": 652}, {""candidate_id"": ""C08"", ""page_no"": 94, ""chunk_id"": 166}, {""candidate_id"": ""C09"", ""page_no"": 97, ""chunk_id"": 173}, {""candidate_id"": ""C10"", ""page_no"": 93, ""chunk_id"": 165}]","[{""rank"": 1, ""page"": 379, ""chunk"": 712}, {""rank"": 2, ""page"": 330, ""chunk"": 629}, {""rank"": 3, ""page"": 379, ""chunk"": 713}, {""rank"": 4, ""page"": 330, ""chunk"": 630}, {""rank"": 5, ""page"": 343, ""chunk"": 652}, {""rank"": 6, ""page"": 94, ""chunk"": 166}, {""rank"": 7, ""page"": 97, ""chunk"": 173}, {""rank"": 8, ""page"": 93, ""chunk"": 165}, {""rank"": 9, ""page"": 342, ""chunk"": 649}, {""rank"": 10, ""page"": 315, ""chunk"": 605}]",True,1,0,4.23364740004763,4.542848700191826,3912,333
U50-040,8,8. 비상시 응급 조치,procedure,차량을 견인할 때 가장 권장되는 방법은 무엇인가요?,441,829,"[{""page"": 441, ""chunk"": 829, ""reason"": ""primary source chunk""}]",1,1,0,False,False,True,,"[{""candidate_id"": ""C01"", ""page_no"": 441, ""chunk_id"": 829}, {""candidate_id"": ""C02"", ""page_no"": 444, ""chunk_id"": 833}, {""candidate_id"": ""C03"", ""page_no"": 27, ""chunk_id"": 48}, {""candidate_id"": ""C04"", ""page_no"": 444, ""chunk_id"": 834}, {""candidate_id"": ""C05"", ""page_no"": 442, ""chunk_id"": 830}, {""candidate_id"": ""C06"", ""page_no"": 425, ""chunk_id"": 800}, {""candidate_id"": ""C07"", ""page_no"": 295, ""chunk_id"": 553}, {""candidate_id"": ""C08"", ""page_no"": 443, ""chunk_id"": 832}, {""candidate_id"": ""C09"", ""page_no"": 331, ""chunk_id"": 632}, {""candidate_id"": ""C10"", ""page_no"": 343, ""chunk_id"": 652}]","[{""rank"": 1, ""page"": 441, ""chunk"": 829}, {""rank"": 2, ""page"": 442, ""chunk"": 830}, {""rank"": 3, ""page"": 444, ""chunk"": 833}, {""rank"": 4, ""page"": 444, ""chunk"": 834}, {""rank"": 5, ""page"": 443, ""chunk"": 832}, {""rank"": 6, ""page"": 425, ""chunk"": 800}, {""rank"": 7, ""page"": 27, ""chunk"": 48}, {""rank"": 8, ""page"": 295, ""chunk"": 553}, {""rank"": 9, ""page"": 331, ""chunk"": 632}, {""rank"": 10, ""page"": 343, ""chunk"": 652}]",True,1,0,3.6614087000489235,3.9809496998786926,3716,284
U50-041,8,8. 비상시 응급 조치,condition,더블 클러치 변속기 차량을 일반 차량으로 견인할 때 지켜야 할 거리와 속도 제한은 어떻게 되나요?,444,834,"[{""page"": 444, ""chunk"": 834, ""reason"": ""primary source chunk""}]",1,1,0,False,False,True,,"[{""candidate_id"": ""C01"", ""page_no"": 444, ""chunk_id"": 834}, {""candidate_id"": ""C02"", ""page_no"": 266, ""chunk_id"": 493}, {""candidate_id"": ""C03"", ""page_no"": 325, ""chunk_id"": 621}, {""candidate_id"": ""C04"", ""page_no"": 370, ""chunk_id"": 696}, {""candidate_id"": ""C05"", ""page_no"": 441, ""chunk_id"": 829}, {""candidate_id"": ""C06"", ""page_no"": 443, ""chunk_id"": 831}, {""candidate_id"": ""C07"", ""page_no"": 266, ""chunk_id"": 494}, {""candidate_id"": ""C08"", ""page_no"": 371, ""chunk_id"": 698}, {""candidate_id"": ""C09"", ""page_no"": 312, ""chunk_id"": 599}, {""candidate_id"": ""C10"", ""page_no"": 263, ""chunk_id"": 487}]","[{""rank"": 1, ""page"": 444, ""chunk"": 834}, {""rank"": 2, ""page"": 443, ""chunk"": 831}, {""rank"": 3, ""page"": 441, ""chunk"": 829}, {""rank"": 4, ""page"": 266, ""chunk"": 493}, {""rank"": 5, ""page"": 266, ""chunk"": 494}, {""rank"": 6, ""page"": 263, ""chunk"": 487}, {""rank"": 7, ""page"": 325, ""chunk"": 621}, {""rank"": 8, ""page"": 370, ""chunk"": 696}, {""rank"": 9, ""page"": 371, ""chunk"": 698}, {""rank"": 10, ""page"": 312, ""chunk"": 599}]",True,1,0,2.473784799920395,2.774608900072053,5092,188
U50-042,8,8. 비상시 응급 조치,warning,타이어 응급 처치 키트의 컴프레서는 한 번에 얼마나 오래 작동시킬 수 있나요?,439,826,"[{""page"": 439, ""chunk"": 826, ""reason"": ""primary source chunk""}, {""page"": 439, ""chunk"": 825, ""reason"": ""same grounding quote repeats in adjacent overlapping chunk""}]",1,1,0,False,False,True,,"[{""candidate_id"": ""C01"", ""page_no"": 439, ""chunk_id"": 826}, {""candidate_id"": ""C02"", ""page_no"": 439, ""chunk_id"": 825}, {""candidate_id"": ""C03"", ""page_no"": 425, ""chunk_id"": 800}, {""candidate_id"": ""C04"", ""page_no"": 436, ""chunk_id"": 820}, {""candidate_id"": ""C05"", ""page_no"": 437, ""chunk_id"": 821}, {""candidate_id"": ""C06"", ""page_no"": 438, ""chunk_id"": 822}, {""candidate_id"": ""C07"", ""page_no"": 435, ""chunk_id"": 818}, {""candidate_id"": ""C08"", ""page_no"": 448, ""chunk_id"": 846}, {""candidate_id"": ""C09"", ""page_no"": 119, ""chunk_id"": 232}, {""candidate_id"": ""C10"", ""page_no"": 117, ""chunk_id"": 227}]","[{""rank"": 1, ""page"": 439, ""chunk"": 826}, {""rank"": 2, ""page"": 439, ""chunk"": 825}, {""rank"": 3, ""page"": 438, ""chunk"": 822}, {""rank"": 4, ""page"": 437, ""chunk"": 821}, {""rank"": 5, ""page"": 435, ""chunk"": 818}, {""rank"": 6, ""page"": 436, ""chunk"": 820}, {""rank"": 7, ""page"": 425, ""chunk"": 800}, {""rank"": 8, ""page"": 448, ""chunk"": 846}, {""rank"": 9, ""page"": 119, ""chunk"": 232}, {""rank"": 10, ""page"": 117, ""chunk"": 227}]",True,1,0,3.0966765000484884,3.3997257000301033,3973,252
U50-043,8,8. 비상시 응급 조치,procedure,차량 화재가 발생했을 때 소화기는 어떤 순서로 사용하나요?,445,836,"[{""page"": 445, ""chunk"": 836, ""reason"": ""primary source chunk""}]",2,1,1,False,False,True,,"[{""candidate_id"": ""C01"", ""page_no"": 445, ""chunk_id"": 835}, {""candidate_id"": ""C02"", ""page_no"": 445, ""chunk_id"": 836}, {""candidate_id"": ""C03"", ""page_no"": 425, ""chunk_id"": 801}, {""candidate_id"": ""C04"", ""page_no"": 499, ""chunk_id"": 930}, {""candidate_id"": ""C05"", ""page_no"": 173, ""chunk_id"": 333}, {""candidate_id"": ""C06"", ""page_no"": 499, ""chunk_id"": 931}, {""candidate_id"": ""C07"", ""page_no"": 33, ""chunk_id"": 60}, {""candidate_id"": ""C08"", ""page_no"": 35, ""chunk_id"": 64}, {""candidate_id"": ""C09"", ""page_no"": 497, ""chunk_id"": 925}, {""candidate_id"": ""C10"", ""page_no"": 37, ""chunk_id"": 69}]","[{""rank"": 1, ""page"": 445, ""chunk"": 836}, {""rank"": 2, ""page"": 445, ""chunk"": 835}, {""rank"": 3, ""page"": 425, ""chunk"": 801}, {""rank"": 4, ""page"": 499, ""chunk"": 930}, {""rank"": 5, ""page"": 33, ""chunk"": 60}, {""rank"": 6, ""page"": 35, ""chunk"": 64}, {""rank"": 7, ""page"": 173, ""chunk"": 333}, {""rank"": 8, ""page"": 499, ""chunk"": 931}, {""rank"": 9, ""page"": 37, ""chunk"": 69}, {""rank"": 10, ""page"": 497, ""chunk"": 925}]",True,1,0,2.2089053001254797,2.519010400166735,4241,171
U50-044,8,8. 비상시 응급 조치,procedure,탈부착 견인 후크를 장착할 때 어떤 순서로 체결하나요?,442,830,"[{""page"": 442, ""chunk"": 830, ""reason"": ""primary source chunk""}]",4,1,3,False,False,True,,"[{""candidate_id"": ""C01"", ""page_no"": 443, ""chunk_id"": 831}, {""candidate_id"": ""C02"", ""page_no"": 239, ""chunk_id"": 435}, {""candidate_id"": ""C03"", ""page_no"": 39, ""chunk_id"": 75}, {""candidate_id"": ""C04"", ""page_no"": 442, ""chunk_id"": 830}, {""candidate_id"": ""C05"", ""page_no"": 65, ""chunk_id"": 118}, {""candidate_id"": ""C06"", ""page_no"": 78, ""chunk_id"": 141}, {""candidate_id"": ""C07"", ""page_no"": 425, ""chunk_id"": 800}, {""candidate_id"": ""C08"", ""page_no"": 110, ""chunk_id"": 199}, {""candidate_id"": ""C09"", ""page_no"": 60, ""chunk_id"": 109}, {""candidate_id"": ""C10"", ""page_no"": 170, ""chunk_id"": 328}]","[{""rank"": 1, ""page"": 442, ""chunk"": 830}, {""rank"": 2, ""page"": 443, ""chunk"": 831}, {""rank"": 3, ""page"": 425, ""chunk"": 800}, {""rank"": 4, ""page"": 65, ""chunk"": 118}, {""rank"": 5, ""page"": 239, ""chunk"": 435}, {""rank"": 6, ""page"": 39, ""chunk"": 75}, {""rank"": 7, ""page"": 78, ""chunk"": 141}, {""rank"": 8, ""page"": 110, ""chunk"": 199}, {""rank"": 9, ""page"": 60, ""chunk"": 109}, {""rank"": 10, ""page"": 170, ""chunk"": 328}]",True,1,0,2.4343570000492036,2.741579899797216,3744,177
U50-045,9,9. 정기 점검,condition,어떤 운전 환경에서는 일반 점검 주기보다 더 자주 차량을 점검해야 하나요?,456,859,"[{""page"": 456, ""chunk"": 859, ""reason"": ""primary source chunk""}]",1,1,0,False,False,True,,"[{""candidate_id"": ""C01"", ""page_no"": 456, ""chunk_id"": 859}, {""candidate_id"": ""C02"", ""page_no"": 27, ""chunk_id"": 44}, {""candidate_id"": ""C03"", ""page_no"": 29, ""chunk_id"": 52}, {""candidate_id"": ""C04"", ""page_no"": 470, ""chunk_id"": 878}, {""candidate_id"": ""C05"", ""page_no"": 453, ""chunk_id"": 855}, {""candidate_id"": ""C06"", ""page_no"": 455, ""chunk_id"": 858}, {""candidate_id"": ""C07"", ""page_no"": 458, ""chunk_id"": 861}, {""candidate_id"": ""C08"", ""page_no"": 463, ""chunk_id"": 866}, {""candidate_id"": ""C09"", ""page_no"": 462, ""chunk_id"": 865}, {""candidate_id"": ""C10"", ""page_no"": 460, ""chunk_id"": 863}]","[{""rank"": 1, ""page"": 456, ""chunk"": 859}, {""rank"": 2, ""page"": 463, ""chunk"": 866}, {""rank"": 3, ""page"": 462, ""chunk"": 865}, {""rank"": 4, ""page"": 470, ""chunk"": 878}, {""rank"": 5, ""page"": 460, ""chunk"": 863}, {""rank"": 6, ""page"": 29, ""chunk"": 52}, {""rank"": 7, ""page"": 455, ""chunk"": 858}, {""rank"": 8, ""page"": 453, ""chunk"": 855}, {""rank"": 9, ""page"": 27, ""chunk"": 44}, {""rank"": 10, ""page"": 458, ""chunk"": 861}]",True,1,0,3.386346299899742,3.7520272999536246,4905,245
U50-046,9,9. 정기 점검,procedure,공조 장치용 에어필터를 직접 교체할 때 글로브 박스는 어떻게 분리하나요?,472,881,"[{""page"": 472, ""chunk"": 881, ""reason"": ""primary source chunk""}]",1,1,0,False,False,True,,"[{""candidate_id"": ""C01"", ""page_no"": 472, ""chunk_id"": 881}, {""candidate_id"": ""C02"", ""page_no"": 112, ""chunk_id"": 213}, {""candidate_id"": ""C03"", ""page_no"": 112, ""chunk_id"": 214}, {""candidate_id"": ""C04"", ""page_no"": 13, ""chunk_id"": 24}, {""candidate_id"": ""C05"", ""page_no"": 83, ""chunk_id"": 149}, {""candidate_id"": ""C06"", ""page_no"": 224, ""chunk_id"": 409}, {""candidate_id"": ""C07"", ""page_no"": 447, ""chunk_id"": 843}, {""candidate_id"": ""C08"", ""page_no"": 447, ""chunk_id"": 842}, {""candidate_id"": ""C09"", ""page_no"": 213, ""chunk_id"": 394}, {""candidate_id"": ""C10"", ""page_no"": 471, ""chunk_id"": 879}]","[{""rank"": 1, ""page"": 472, ""chunk"": 881}, {""rank"": 2, ""page"": 447, ""chunk"": 843}, {""rank"": 3, ""page"": 447, ""chunk"": 842}, {""rank"": 4, ""page"": 224, ""chunk"": 409}, {""rank"": 5, ""page"": 213, ""chunk"": 394}, {""rank"": 6, ""page"": 112, ""chunk"": 213}, {""rank"": 7, ""page"": 112, ""chunk"": 214}, {""rank"": 8, ""page"": 13, ""chunk"": 24}, {""rank"": 9, ""page"": 471, ""chunk"": 879}, {""rank"": 10, ""page"": 83, ""chunk"": 149}]",True,2,1,9.344903300050646,9.625380200101063,3094,369
U50-047,9,9. 정기 점검,feature,차량의 퓨즈 용량과 명칭은 어디에서 확인할 수 있나요?,485,904,"[{""page"": 485, ""chunk"": 904, ""reason"": ""primary source chunk""}]",2,2,0,False,False,True,,"[{""candidate_id"": ""C01"", ""page_no"": 486, ""chunk_id"": 905}, {""candidate_id"": ""C02"", ""page_no"": 485, ""chunk_id"": 904}, {""candidate_id"": ""C03"", ""page_no"": 482, ""chunk_id"": 900}, {""candidate_id"": ""C04"", ""page_no"": 483, ""chunk_id"": 901}, {""candidate_id"": ""C05"", ""page_no"": 483, ""chunk_id"": 902}, {""candidate_id"": ""C06"", ""page_no"": 448, ""chunk_id"": 846}, {""candidate_id"": ""C07"", ""page_no"": 8, ""chunk_id"": 12}, {""candidate_id"": ""C08"", ""page_no"": 441, ""chunk_id"": 829}, {""candidate_id"": ""C09"", ""page_no"": 22, ""chunk_id"": 38}, {""candidate_id"": ""C10"", ""page_no"": 12, ""chunk_id"": 20}]","[{""rank"": 1, ""page"": 486, ""chunk"": 905}, {""rank"": 2, ""page"": 485, ""chunk"": 904}, {""rank"": 3, ""page"": 483, ""chunk"": 901}, {""rank"": 4, ""page"": 482, ""chunk"": 900}, {""rank"": 5, ""page"": 448, ""chunk"": 846}, {""rank"": 6, ""page"": 483, ""chunk"": 902}, {""rank"": 7, ""page"": 22, ""chunk"": 38}, {""rank"": 8, ""page"": 8, ""chunk"": 12}, {""rank"": 9, ""page"": 12, ""chunk"": 20}, {""rank"": 10, ""page"": 441, ""chunk"": 829}]",True,1,0,2.823319499846548,3.386093199951574,2936,203
U50-048,9,9. 정기 점검,warning,배출가스 기준을 초과한 차량에는 어떤 불이익이 있나요?,498,926,"[{""page"": 498, ""chunk"": 926, ""reason"": ""primary source chunk""}]",2,2,0,False,False,True,,"[{""candidate_id"": ""C01"", ""page_no"": 448, ""chunk_id"": 849}, {""candidate_id"": ""C02"", ""page_no"": 498, ""chunk_id"": 926}, {""candidate_id"": ""C03"", ""page_no"": 35, ""chunk_id"": 64}, {""candidate_id"": ""C04"", ""page_no"": 497, ""chunk_id"": 925}, {""candidate_id"": ""C05"", ""page_no"": 499, ""chunk_id"": 930}, {""candidate_id"": ""C06"", ""page_no"": 498, ""chunk_id"": 927}, {""candidate_id"": ""C07"", ""page_no"": 499, ""chunk_id"": 931}, {""candidate_id"": ""C08"", ""page_no"": 19, ""chunk_id"": 35}, {""candidate_id"": ""C09"", ""page_no"": 37, ""chunk_id"": 69}, {""candidate_id"": ""C10"", ""page_no"": 175, ""chunk_id"": 336}]","[{""rank"": 1, ""page"": 497, ""chunk"": 925}, {""rank"": 2, ""page"": 498, ""chunk"": 926}, {""rank"": 3, ""page"": 448, ""chunk"": 849}, {""rank"": 4, ""page"": 498, ""chunk"": 927}, {""rank"": 5, ""page"": 499, ""chunk"": 930}, {""rank"": 6, ""page"": 499, ""chunk"": 931}, {""rank"": 7, ""page"": 35, ""chunk"": 64}, {""rank"": 8, ""page"": 19, ""chunk"": 35}, {""rank"": 9, ""page"": 37, ""chunk"": 69}, {""rank"": 10, ""page"": 175, ""chunk"": 336}]",True,1,0,2.6631907001137733,2.989700600039214,4446,186
U50-049,9,9. 정기 점검,maintenance,원목 내장재에 오물이 묻었을 때 어떻게 닦아야 하나요?,495,922,"[{""page"": 495, ""chunk"": 922, ""reason"": ""primary source chunk""}, {""page"": 495, ""chunk"": 921, ""reason"": ""same grounding quote repeats in adjacent overlapping chunk""}]",1,1,0,False,False,True,,"[{""candidate_id"": ""C01"", ""page_no"": 495, ""chunk_id"": 922}, {""candidate_id"": ""C02"", ""page_no"": 495, ""chunk_id"": 921}, {""candidate_id"": ""C03"", ""page_no"": 496, ""chunk_id"": 923}, {""candidate_id"": ""C04"", ""page_no"": 494, ""chunk_id"": 918}, {""candidate_id"": ""C05"", ""page_no"": 496, ""chunk_id"": 924}, {""candidate_id"": ""C06"", ""page_no"": 493, ""chunk_id"": 917}, {""candidate_id"": ""C07"", ""page_no"": 79, ""chunk_id"": 143}, {""candidate_id"": ""C08"", ""page_no"": 234, ""chunk_id"": 426}, {""candidate_id"": ""C09"", ""page_no"": 468, ""chunk_id"": 875}, {""candidate_id"": ""C10"", ""page_no"": 157, ""chunk_id"": 306}]","[{""rank"": 1, ""page"": 495, ""chunk"": 922}, {""rank"": 2, ""page"": 495, ""chunk"": 921}, {""rank"": 3, ""page"": 494, ""chunk"": 918}, {""rank"": 4, ""page"": 496, ""chunk"": 923}, {""rank"": 5, ""page"": 493, ""chunk"": 917}, {""rank"": 6, ""page"": 496, ""chunk"": 924}, {""rank"": 7, ""page"": 234, ""chunk"": 426}, {""rank"": 8, ""page"": 468, ""chunk"": 875}, {""rank"": 9, ""page"": 157, ""chunk"": 306}, {""rank"": 10, ""page"": 79, ""chunk"": 143}]",True,1,0,3.0433486998081207,3.3336225000675768,4295,264
U50-050,9,9. 정기 점검,maintenance,배기가스 제어 관련 부품은 어떻게 관리하고 정비해야 하나요?,498,928,"[{""page"": 498, ""chunk"": 928, ""reason"": ""primary source chunk""}, {""page"": 498, ""chunk"": 927, ""reason"": ""same grounding quote repeats in adjacent overlapping chunk""}]",2,1,1,False,False,True,,"[{""candidate_id"": ""C01"", ""page_no"": 448, ""chunk_id"": 849}, {""candidate_id"": ""C02"", ""page_no"": 498, ""chunk_id"": 928}, {""candidate_id"": ""C03"", ""page_no"": 457, ""chunk_id"": 860}, {""candidate_id"": ""C04"", ""page_no"": 445, ""chunk_id"": 836}, {""candidate_id"": ""C05"", ""page_no"": 472, ""chunk_id"": 881}, {""candidate_id"": ""C06"", ""page_no"": 38, ""chunk_id"": 73}, {""candidate_id"": ""C07"", ""page_no"": 470, ""chunk_id"": 878}, {""candidate_id"": ""C08"", ""page_no"": 233, ""chunk_id"": 425}, {""candidate_id"": ""C09"", ""page_no"": 448, ""chunk_id"": 845}, {""candidate_id"": ""C10"", ""page_no"": 428, ""chunk_id"": 806}]","[{""rank"": 1, ""page"": 498, ""chunk"": 928}, {""rank"": 2, ""page"": 457, ""chunk"": 860}, {""rank"": 3, ""page"": 448, ""chunk"": 849}, {""rank"": 4, ""page"": 470, ""chunk"": 878}, {""rank"": 5, ""page"": 38, ""chunk"": 73}, {""rank"": 6, ""page"": 472, ""chunk"": 881}, {""rank"": 7, ""page"": 445, ""chunk"": 836}, {""rank"": 8, ""page"": 448, ""chunk"": 845}, {""rank"": 9, ""page"": 428, ""chunk"": 806}, {""rank"": 10, ""page"": 233, ""chunk"": 425}]",True,1,0,2.779331099940464,3.050887799821794,3046,220
